inventor_id,name,country
fl:santosh_ln:yamamoto-00000,Santosh Yamamoto,
fl:santosh_ln:ahmed-00001,Santosh Ahmed,
fl:ivan_ln:gupta-00002,Ivan Gupta,JP
fl:anika_ln:sato-00003,Anika Sato,US
fl:priya_ln:suzuki-00004,Priya Suzuki,CN
fl:anika_ln:zhang-00005,Anika Zhang,JP
fl:giulia_ln:taylor-00006,Giulia Taylor,US
fl:marco_ln:ivanov-00007,Marco Ivanov,JP
fl:fatima_ln:rossi-00008,Fatima Rossi,CN
fl:john_ln:brown-00009,John Brown,US
fl:priya_ln:brown-00010,Priya Brown,CN
fl:natasha_ln:garcia-00011,Natasha Garcia,CN
fl:chen_ln:ahmed-00012,Chen Ahmed,CN
fl:amelia_ln:ivanov-00013,Amelia Ivanov,US
fl:natasha_ln:müller-00014,Natasha Müller,
fl:aisha_ln:chen-00015,Aisha Chen,
fl:aisha_ln:garcia-00016,Aisha Garcia,
fl:giulia_ln:sato-00017,Giulia Sato,CN
fl:pierre_ln:khan-00018,Pierre Khan,
fl:sofia_ln:suzuki-00019,Sofia Suzuki,US
fl:luca_ln:johnson-00020,Luca Johnson,US
fl:carlos_ln:sato-00021,Carlos Sato,US
fl:hans_ln:ahmed-00022,Hans Ahmed,NL
fl:hans_ln:ahmed-00023,Hans Ahmed,
fl:kenji_ln:chen-00024,Kenji Chen,CN
fl:alice_ln:rodriguez-00025,Alice Rodriguez,
fl:alice_ln:li-00026,Alice Li,
fl:chen_ln:smith-00027,Chen Smith,CN
fl:priya_ln:schmidt-00028,Priya Schmidt,SE
fl:anika_ln:conti-00029,Anika Conti,US
fl:camille_ln:tanaka-00030,Camille Tanaka,
fl:fatima_ln:johnson-00031,Fatima Johnson,KR
fl:oliver_ln:taylor-00032,Oliver Taylor,
fl:aisha_ln:suzuki-00033,Aisha Suzuki,
fl:rajesh_ln:ivanov-00034,Rajesh Ivanov,US
fl:alice_ln:gupta-00035,Alice Gupta,US
fl:pierre_ln:wilson-00036,Pierre Wilson,KR
fl:ahmed_ln:yamamoto-00037,Ahmed Yamamoto,
fl:camille_ln:rossi-00038,Camille Rossi,KR
fl:greta_ln:ali-00039,Greta Ali,CN
fl:alice_ln:gupta-00040,Alice Gupta,US
fl:ahmed_ln:sharma-00041,Ahmed Sharma,CN
fl:ahmed_ln:ali-00042,Ahmed Ali,
fl:giulia_ln:chen-00043,Giulia Chen,
fl:jin_ln:chen-00044,Jin Chen,US
fl:liu_ln:kumar-00045,Liu Kumar,
fl:oliver_ln:kumar-00046,Oliver Kumar,US
fl:liam_ln:esposito-00047,Liam Esposito,CN
fl:liam_ln:rossi-00048,Liam Rossi,US
fl:isabella_ln:dupont-00049,Isabella Dupont,KR
fl:giulia_ln:smith-00050,Giulia Smith,US
fl:pierre_ln:rossi-00051,Pierre Rossi,
fl:sofia_ln:khan-00052,Sofia Khan,CN
fl:sakura_ln:zhang-00053,Sakura Zhang,US
fl:ahmed_ln:sato-00054,Ahmed Sato,
fl:oliver_ln:miller-00055,Oliver Miller,KR
fl:kenji_ln:khan-00056,Kenji Khan,US
fl:liam_ln:schmidt-00057,Liam Schmidt,CA
fl:alice_ln:davis-00058,Alice Davis,US
fl:ivan_ln:zhang-00059,Ivan Zhang,
fl:hans_ln:tanaka-00060,Hans Tanaka,US
fl:carlos_ln:hassan-00061,Carlos Hassan,CN
fl:alice_ln:johnson-00062,Alice Johnson,US
fl:camille_ln:ali-00063,Camille Ali,
fl:olivia_ln:smith-00064,Olivia Smith,
fl:isabella_ln:park-00065,Isabella Park,
fl:oliver_ln:ahmed-00066,Oliver Ahmed,CN
fl:rajesh_ln:khan-00067,Rajesh Khan,
fl:noah_ln:sato-00068,Noah Sato,US
fl:mohammed_ln:wilson-00069,Mohammed Wilson,TW
fl:yuki_ln:schmidt-00070,Yuki Schmidt,US
fl:santosh_ln:conti-00071,Santosh Conti,KR
fl:ahmed_ln:tanaka-00072,Ahmed Tanaka,US
fl:greta_ln:ferrari-00073,Greta Ferrari,
fl:kenji_ln:anderson-00074,Kenji Anderson,SE
fl:emma_ln:ahmed-00075,Emma Ahmed,CN
fl:sakura_ln:rodriguez-00076,Sakura Rodriguez,
fl:hiroshi_ln:anderson-00077,Hiroshi Anderson,US
fl:priya_ln:petrov-00078,Priya Petrov,
fl:aisha_ln:chen-00079,Aisha Chen,
fl:priya_ln:johnson-00080,Priya Johnson,CN
fl:olivia_ln:brown-00081,Olivia Brown,US
fl:john_ln:ferrari-00082,John Ferrari,US
fl:oliver_ln:rossi-00083,Oliver Rossi,
fl:luca_ln:ali-00084,Luca Ali,
fl:jin_ln:taylor-00085,Jin Taylor,
fl:carlos_ln:kumar-00086,Carlos Kumar,FR
fl:john_ln:petrov-00087,John Petrov,CN
fl:jin_ln:kim-00088,Jin Kim,CN
fl:min_ln:wang-00089,Min Wang,DE
fl:jin_ln:khan-00090,Jin Khan,CN
fl:fatima_ln:anderson-00091,Fatima Anderson,US
fl:liam_ln:anderson-00092,Liam Anderson,
fl:fatima_ln:wilson-00093,Fatima Wilson,CN
fl:santosh_ln:sharma-00094,Santosh Sharma,CN
fl:olivia_ln:ferrari-00095,Olivia Ferrari,US
fl:pierre_ln:sharma-00096,Pierre Sharma,JP
fl:min_ln:sharma-00097,Min Sharma,JP
fl:oliver_ln:kumar-00098,Oliver Kumar,GB
fl:jin_ln:suzuki-00099,Jin Suzuki,
fl:chen_ln:miller-00100,Chen Miller,US
fl:john_ln:suzuki-00101,John Suzuki,US
fl:aisha_ln:taylor-00102,Aisha Taylor,CN
fl:olivia_ln:conti-00103,Olivia Conti,
fl:isabella_ln:davis-00104,Isabella Davis,
fl:fatima_ln:khan-00105,Fatima Khan,
fl:luca_ln:park-00106,Luca Park,CN
fl:mohammed_ln:kim-00107,Mohammed Kim,CN
fl:mohammed_ln:smith-00108,Mohammed Smith,KR
fl:hans_ln:müller-00109,Hans Müller,TW
fl:john_ln:anderson-00110,John Anderson,US
fl:hans_ln:sato-00111,Hans Sato,CA
fl:chen_ln:khan-00112,Chen Khan,
fl:greta_ln:rossi-00113,Greta Rossi,US
fl:alice_ln:smith-00114,Alice Smith,CN
fl:rajesh_ln:taylor-00115,Rajesh Taylor,
fl:wei_ln:esposito-00116,Wei Esposito,CN
fl:min_ln:anderson-00117,Min Anderson,IN
fl:liu_ln:tanaka-00118,Liu Tanaka,CN
fl:fatima_ln:sharma-00119,Fatima Sharma,US
fl:olivia_ln:petrov-00120,Olivia Petrov,US
fl:amelia_ln:ahmed-00121,Amelia Ahmed,US
fl:mohammed_ln:esposito-00122,Mohammed Esposito,
fl:alice_ln:sato-00123,Alice Sato,US
fl:ahmed_ln:park-00124,Ahmed Park,US
fl:mohammed_ln:müller-00125,Mohammed Müller,
fl:priya_ln:gupta-00126,Priya Gupta,
fl:emma_ln:dupont-00127,Emma Dupont,US
fl:pierre_ln:chen-00128,Pierre Chen,US
fl:natasha_ln:ali-00129,Natasha Ali,
fl:ivan_ln:gupta-00130,Ivan Gupta,
fl:rajesh_ln:müller-00131,Rajesh Müller,
fl:wei_ln:suzuki-00132,Wei Suzuki,GB
fl:rajesh_ln:suzuki-00133,Rajesh Suzuki,US
fl:john_ln:patel-00134,John Patel,
fl:luca_ln:anderson-00135,Luca Anderson,
fl:john_ln:petrov-00136,John Petrov,DE
fl:hans_ln:patel-00137,Hans Patel,US
fl:priya_ln:petrov-00138,Priya Petrov,CN
fl:anika_ln:taylor-00139,Anika Taylor,
fl:luca_ln:schmidt-00140,Luca Schmidt,US
fl:camille_ln:suzuki-00141,Camille Suzuki,CN
fl:ahmed_ln:ferrari-00142,Ahmed Ferrari,
fl:anika_ln:sato-00143,Anika Sato,DE
fl:min_ln:wilson-00144,Min Wilson,US
fl:carlos_ln:sharma-00145,Carlos Sharma,
fl:giulia_ln:li-00146,Giulia Li,CN
fl:hans_ln:hassan-00147,Hans Hassan,US
fl:greta_ln:sharma-00148,Greta Sharma,CN
fl:chen_ln:park-00149,Chen Park,JP
fl:marco_ln:tanaka-00150,Marco Tanaka,CN
fl:sofia_ln:tanaka-00151,Sofia Tanaka,US
fl:min_ln:li-00152,Min Li,
fl:santosh_ln:davis-00153,Santosh Davis,US
fl:noah_ln:brown-00154,Noah Brown,US
fl:min_ln:ahmed-00155,Min Ahmed,
fl:amelia_ln:hassan-00156,Amelia Hassan,US
fl:santosh_ln:petrov-00157,Santosh Petrov,US
fl:carlos_ln:wang-00158,Carlos Wang,IN
fl:mohammed_ln:ivanov-00159,Mohammed Ivanov,
fl:oliver_ln:ivanov-00160,Oliver Ivanov,US
fl:natasha_ln:petrov-00161,Natasha Petrov,US
fl:kenji_ln:davis-00162,Kenji Davis,US
fl:pierre_ln:yamamoto-00163,Pierre Yamamoto,US
fl:olivia_ln:zhang-00164,Olivia Zhang,JP
fl:john_ln:chen-00165,John Chen,CN
fl:santosh_ln:taylor-00166,Santosh Taylor,
fl:marco_ln:anderson-00167,Marco Anderson,US
fl:sofia_ln:garcia-00168,Sofia Garcia,
fl:rajesh_ln:rossi-00169,Rajesh Rossi,
fl:isabella_ln:anderson-00170,Isabella Anderson,JP
fl:seo-yun_ln:gupta-00171,Seo-yun Gupta,US
fl:priya_ln:kumar-00172,Priya Kumar,KR
fl:kenji_ln:schmidt-00173,Kenji Schmidt,CN
fl:priya_ln:rodriguez-00174,Priya Rodriguez,KR
fl:aisha_ln:sharma-00175,Aisha Sharma,US
fl:min_ln:ahmed-00176,Min Ahmed,
fl:greta_ln:zhang-00177,Greta Zhang,US
fl:greta_ln:yamamoto-00178,Greta Yamamoto,
fl:ivan_ln:khan-00179,Ivan Khan,US
fl:hiroshi_ln:ferrari-00180,Hiroshi Ferrari,
fl:aisha_ln:kumar-00181,Aisha Kumar,CN
fl:anika_ln:müller-00182,Anika Müller,US
fl:natasha_ln:anderson-00183,Natasha Anderson,CN
fl:seo-yun_ln:anderson-00184,Seo-yun Anderson,US
fl:john_ln:smith-00185,John Smith,DE
fl:liam_ln:hassan-00186,Liam Hassan,US
fl:jin_ln:rossi-00187,Jin Rossi,US
fl:yuki_ln:tanaka-00188,Yuki Tanaka,US
fl:santosh_ln:chen-00189,Santosh Chen,
fl:ahmed_ln:sato-00190,Ahmed Sato,GB
fl:liu_ln:esposito-00191,Liu Esposito,GB
fl:hiroshi_ln:schmidt-00192,Hiroshi Schmidt,
fl:liam_ln:yamamoto-00193,Liam Yamamoto,
fl:sakura_ln:smith-00194,Sakura Smith,
fl:natasha_ln:yamamoto-00195,Natasha Yamamoto,
fl:santosh_ln:zhang-00196,Santosh Zhang,US
fl:amelia_ln:ahmed-00197,Amelia Ahmed,CN
fl:olivia_ln:martin-00198,Olivia Martin,CN
fl:camille_ln:petrov-00199,Camille Petrov,CA
fl:ivan_ln:petrov-00200,Ivan Petrov,DE
fl:anika_ln:miller-00201,Anika Miller,CN
fl:hiroshi_ln:tanaka-00202,Hiroshi Tanaka,US
fl:carlos_ln:patel-00203,Carlos Patel,CN
fl:seo-yun_ln:kim-00204,Seo-yun Kim,SE
fl:aisha_ln:kim-00205,Aisha Kim,
fl:liam_ln:garcia-00206,Liam Garcia,US
fl:hans_ln:park-00207,Hans Park,
fl:kenji_ln:khan-00208,Kenji Khan,CN
fl:anika_ln:ferrari-00209,Anika Ferrari,CN
fl:ahmed_ln:davis-00210,Ahmed Davis,CN
fl:kenji_ln:wang-00211,Kenji Wang,US
fl:olivia_ln:kumar-00212,Olivia Kumar,CN
fl:fatima_ln:li-00213,Fatima Li,US
fl:john_ln:kumar-00214,John Kumar,CN
fl:santosh_ln:schmidt-00215,Santosh Schmidt,US
fl:natasha_ln:müller-00216,Natasha Müller,US
fl:liam_ln:kim-00217,Liam Kim,US
fl:anika_ln:dupont-00218,Anika Dupont,CN
fl:jin_ln:sato-00219,Jin Sato,US
fl:jin_ln:sharma-00220,Jin Sharma,US
fl:wei_ln:suzuki-00221,Wei Suzuki,
fl:fatima_ln:smith-00222,Fatima Smith,US
fl:olivia_ln:suzuki-00223,Olivia Suzuki,JP
fl:isabella_ln:schmidt-00224,Isabella Schmidt,US
fl:santosh_ln:miller-00225,Santosh Miller,
fl:hiroshi_ln:suzuki-00226,Hiroshi Suzuki,US
fl:noah_ln:davis-00227,Noah Davis,US
fl:emma_ln:miller-00228,Emma Miller,CN
fl:pierre_ln:sharma-00229,Pierre Sharma,CN
fl:anika_ln:yamamoto-00230,Anika Yamamoto,GB
fl:olivia_ln:wilson-00231,Olivia Wilson,CN
fl:sakura_ln:rodriguez-00232,Sakura Rodriguez,
fl:santosh_ln:martin-00233,Santosh Martin,US
fl:noah_ln:patel-00234,Noah Patel,DE
fl:mohammed_ln:ferrari-00235,Mohammed Ferrari,
fl:giulia_ln:rossi-00236,Giulia Rossi,
fl:hiroshi_ln:brown-00237,Hiroshi Brown,
fl:isabella_ln:esposito-00238,Isabella Esposito,CN
fl:carlos_ln:kumar-00239,Carlos Kumar,
fl:liam_ln:schmidt-00240,Liam Schmidt,US
fl:isabella_ln:wilson-00241,Isabella Wilson,US
fl:seo-yun_ln:johnson-00242,Seo-yun Johnson,CA
fl:wei_ln:brown-00243,Wei Brown,JP
fl:liu_ln:patel-00244,Liu Patel,US
fl:alice_ln:rossi-00245,Alice Rossi,DE
fl:oliver_ln:esposito-00246,Oliver Esposito,IN
fl:emma_ln:garcia-00247,Emma Garcia,US
fl:marco_ln:müller-00248,Marco Müller,GB
fl:fatima_ln:taylor-00249,Fatima Taylor,IN
fl:alice_ln:hassan-00250,Alice Hassan,US
fl:marco_ln:ivanov-00251,Marco Ivanov,SE
fl:pierre_ln:ahmed-00252,Pierre Ahmed,CN
fl:ahmed_ln:ahmed-00253,Ahmed Ahmed,US
fl:aisha_ln:patel-00254,Aisha Patel,KR
fl:pierre_ln:rossi-00255,Pierre Rossi,CN
fl:mohammed_ln:ivanov-00256,Mohammed Ivanov,
fl:john_ln:smith-00257,John Smith,
fl:fatima_ln:müller-00258,Fatima Müller,US
fl:ahmed_ln:smith-00259,Ahmed Smith,US
fl:min_ln:smith-00260,Min Smith,US
fl:liu_ln:johnson-00261,Liu Johnson,
fl:amelia_ln:tanaka-00262,Amelia Tanaka,
fl:olivia_ln:suzuki-00263,Olivia Suzuki,JP
fl:john_ln:sharma-00264,John Sharma,KR
fl:giulia_ln:khan-00265,Giulia Khan,GB
fl:ivan_ln:ivanov-00266,Ivan Ivanov,US
fl:santosh_ln:chen-00267,Santosh Chen,JP
fl:jin_ln:khan-00268,Jin Khan,
fl:kenji_ln:wang-00269,Kenji Wang,US
fl:camille_ln:smith-00270,Camille Smith,
fl:ivan_ln:ahmed-00271,Ivan Ahmed,IN
fl:amelia_ln:davis-00272,Amelia Davis,CN
fl:greta_ln:dupont-00273,Greta Dupont,GB
fl:rajesh_ln:chen-00274,Rajesh Chen,
fl:amelia_ln:ali-00275,Amelia Ali,US
fl:yuki_ln:ahmed-00276,Yuki Ahmed,
fl:amelia_ln:ivanov-00277,Amelia Ivanov,US
fl:olivia_ln:li-00278,Olivia Li,CN
fl:jin_ln:kumar-00279,Jin Kumar,
fl:natasha_ln:taylor-00280,Natasha Taylor,CN
fl:min_ln:yamamoto-00281,Min Yamamoto,US
fl:priya_ln:wang-00282,Priya Wang,US
fl:noah_ln:rodriguez-00283,Noah Rodriguez,US
fl:yuki_ln:dupont-00284,Yuki Dupont,US
fl:ivan_ln:garcia-00285,Ivan Garcia,
fl:rajesh_ln:patel-00286,Rajesh Patel,DE
fl:fatima_ln:miller-00287,Fatima Miller,US
fl:marco_ln:wilson-00288,Marco Wilson,US
fl:camille_ln:johnson-00289,Camille Johnson,US
fl:greta_ln:ali-00290,Greta Ali,US
fl:john_ln:conti-00291,John Conti,
fl:giulia_ln:wilson-00292,Giulia Wilson,
fl:seo-yun_ln:conti-00293,Seo-yun Conti,KR
fl:carlos_ln:sato-00294,Carlos Sato,US
fl:wei_ln:garcia-00295,Wei Garcia,CN
fl:isabella_ln:wilson-00296,Isabella Wilson,CN
fl:chen_ln:patel-00297,Chen Patel,
fl:anika_ln:chen-00298,Anika Chen,
fl:liam_ln:petrov-00299,Liam Petrov,US
fl:sofia_ln:wang-00300,Sofia Wang,
fl:alice_ln:tanaka-00301,Alice Tanaka,GB
fl:yuki_ln:gupta-00302,Yuki Gupta,US
fl:greta_ln:rodriguez-00303,Greta Rodriguez,CN
fl:hiroshi_ln:ali-00304,Hiroshi Ali,US
fl:emma_ln:brown-00305,Emma Brown,IN
fl:rajesh_ln:zhang-00306,Rajesh Zhang,
fl:hans_ln:gupta-00307,Hans Gupta,
fl:wei_ln:davis-00308,Wei Davis,
fl:noah_ln:suzuki-00309,Noah Suzuki,CN
fl:john_ln:martin-00310,John Martin,US
fl:carlos_ln:taylor-00311,Carlos Taylor,
fl:liam_ln:gupta-00312,Liam Gupta,
fl:luca_ln:garcia-00313,Luca Garcia,JP
fl:chen_ln:conti-00314,Chen Conti,
fl:olivia_ln:schmidt-00315,Olivia Schmidt,US
fl:anika_ln:park-00316,Anika Park,CN
fl:anika_ln:ali-00317,Anika Ali,US
fl:rajesh_ln:wang-00318,Rajesh Wang,GB
fl:luca_ln:hassan-00319,Luca Hassan,GB
fl:natasha_ln:gupta-00320,Natasha Gupta,JP
fl:luca_ln:suzuki-00321,Luca Suzuki,
fl:olivia_ln:khan-00322,Olivia Khan,
fl:liu_ln:sharma-00323,Liu Sharma,
fl:sofia_ln:rodriguez-00324,Sofia Rodriguez,
fl:emma_ln:martin-00325,Emma Martin,
fl:jin_ln:schmidt-00326,Jin Schmidt,US
fl:emma_ln:zhang-00327,Emma Zhang,CN
fl:olivia_ln:kim-00328,Olivia Kim,US
fl:chen_ln:rossi-00329,Chen Rossi,
fl:wei_ln:garcia-00330,Wei Garcia,
fl:ivan_ln:petrov-00331,Ivan Petrov,US
fl:anika_ln:sato-00332,Anika Sato,US
fl:alice_ln:rossi-00333,Alice Rossi,US
fl:luca_ln:kim-00334,Luca Kim,US
fl:sofia_ln:suzuki-00335,Sofia Suzuki,US
fl:rajesh_ln:johnson-00336,Rajesh Johnson,TW
fl:ahmed_ln:kim-00337,Ahmed Kim,CN
fl:isabella_ln:rossi-00338,Isabella Rossi,US
fl:isabella_ln:li-00339,Isabella Li,JP
fl:chen_ln:ivanov-00340,Chen Ivanov,US
fl:mohammed_ln:martin-00341,Mohammed Martin,US
fl:oliver_ln:sato-00342,Oliver Sato,US
fl:liu_ln:anderson-00343,Liu Anderson,
fl:luca_ln:park-00344,Luca Park,US
fl:marco_ln:yamamoto-00345,Marco Yamamoto,
fl:rajesh_ln:conti-00346,Rajesh Conti,
fl:min_ln:schmidt-00347,Min Schmidt,CN
fl:giulia_ln:yamamoto-00348,Giulia Yamamoto,IN
fl:ivan_ln:khan-00349,Ivan Khan,US
fl:min_ln:suzuki-00350,Min Suzuki,CN
fl:hans_ln:kim-00351,Hans Kim,
fl:amelia_ln:anderson-00352,Amelia Anderson,CN
fl:greta_ln:schmidt-00353,Greta Schmidt,US
fl:luca_ln:taylor-00354,Luca Taylor,US
fl:min_ln:johnson-00355,Min Johnson,US
fl:oliver_ln:garcia-00356,Oliver Garcia,US
fl:min_ln:petrov-00357,Min Petrov,US
fl:olivia_ln:rossi-00358,Olivia Rossi,CN
fl:rajesh_ln:khan-00359,Rajesh Khan,US
fl:noah_ln:wilson-00360,Noah Wilson,US
fl:mohammed_ln:johnson-00361,Mohammed Johnson,JP
fl:hiroshi_ln:li-00362,Hiroshi Li,CN
fl:aisha_ln:brown-00363,Aisha Brown,CA
fl:giulia_ln:khan-00364,Giulia Khan,CN
fl:luca_ln:hassan-00365,Luca Hassan,US
fl:olivia_ln:chen-00366,Olivia Chen,
fl:sofia_ln:martin-00367,Sofia Martin,
fl:jin_ln:anderson-00368,Jin Anderson,
fl:olivia_ln:zhang-00369,Olivia Zhang,US
fl:giulia_ln:patel-00370,Giulia Patel,CN
fl:jin_ln:zhang-00371,Jin Zhang,CN
fl:min_ln:wilson-00372,Min Wilson,
fl:aisha_ln:ali-00373,Aisha Ali,US
fl:priya_ln:dupont-00374,Priya Dupont,US
fl:natasha_ln:hassan-00375,Natasha Hassan,
fl:wei_ln:taylor-00376,Wei Taylor,
fl:alice_ln:petrov-00377,Alice Petrov,CN
fl:liu_ln:sharma-00378,Liu Sharma,US
fl:noah_ln:miller-00379,Noah Miller,CN
fl:fatima_ln:davis-00380,Fatima Davis,US
fl:emma_ln:kumar-00381,Emma Kumar,GB
fl:camille_ln:gupta-00382,Camille Gupta,
fl:mohammed_ln:brown-00383,Mohammed Brown,
fl:min_ln:müller-00384,Min Müller,
fl:liu_ln:davis-00385,Liu Davis,CN
fl:luca_ln:sato-00386,Luca Sato,JP
fl:john_ln:li-00387,John Li,
fl:oliver_ln:kim-00388,Oliver Kim,FR
fl:santosh_ln:suzuki-00389,Santosh Suzuki,US
fl:carlos_ln:tanaka-00390,Carlos Tanaka,IN
fl:wei_ln:gupta-00391,Wei Gupta,
fl:pierre_ln:wang-00392,Pierre Wang,
fl:aisha_ln:li-00393,Aisha Li,US
fl:luca_ln:wang-00394,Luca Wang,IN
fl:ivan_ln:rodriguez-00395,Ivan Rodriguez,US
fl:priya_ln:li-00396,Priya Li,
fl:santosh_ln:hassan-00397,Santosh Hassan,US
fl:sakura_ln:brown-00398,Sakura Brown,TW
fl:alice_ln:taylor-00399,Alice Taylor,CN
fl:ahmed_ln:tanaka-00400,Ahmed Tanaka,
fl:ahmed_ln:gupta-00401,Ahmed Gupta,US
fl:natasha_ln:gupta-00402,Natasha Gupta,CN
fl:marco_ln:conti-00403,Marco Conti,US
fl:marco_ln:conti-00404,Marco Conti,
fl:aisha_ln:rossi-00405,Aisha Rossi,
fl:anika_ln:li-00406,Anika Li,KR
fl:luca_ln:anderson-00407,Luca Anderson,
fl:natasha_ln:dupont-00408,Natasha Dupont,
fl:oliver_ln:hassan-00409,Oliver Hassan,CN
fl:natasha_ln:zhang-00410,Natasha Zhang,US
fl:kenji_ln:ali-00411,Kenji Ali,US
fl:luca_ln:yamamoto-00412,Luca Yamamoto,KR
fl:santosh_ln:yamamoto-00413,Santosh Yamamoto,US
fl:sakura_ln:wang-00414,Sakura Wang,
fl:min_ln:sharma-00415,Min Sharma,GB
fl:priya_ln:yamamoto-00416,Priya Yamamoto,
fl:kenji_ln:miller-00417,Kenji Miller,US
fl:aisha_ln:brown-00418,Aisha Brown,DE
fl:john_ln:suzuki-00419,John Suzuki,US
fl:sofia_ln:khan-00420,Sofia Khan,CN
fl:oliver_ln:li-00421,Oliver Li,GB
fl:noah_ln:taylor-00422,Noah Taylor,US
fl:john_ln:smith-00423,John Smith,CN
fl:liu_ln:brown-00424,Liu Brown,US
fl:kenji_ln:zhang-00425,Kenji Zhang,JP
fl:kenji_ln:li-00426,Kenji Li,
fl:fatima_ln:ferrari-00427,Fatima Ferrari,
fl:sofia_ln:ferrari-00428,Sofia Ferrari,SE
fl:min_ln:hassan-00429,Min Hassan,US
fl:priya_ln:ahmed-00430,Priya Ahmed,US
fl:hans_ln:zhang-00431,Hans Zhang,GB
fl:liu_ln:wang-00432,Liu Wang,CN
fl:jin_ln:wang-00433,Jin Wang,US
fl:yuki_ln:park-00434,Yuki Park,
fl:liam_ln:rodriguez-00435,Liam Rodriguez,US
fl:alice_ln:gupta-00436,Alice Gupta,US
fl:pierre_ln:wilson-00437,Pierre Wilson,US
fl:luca_ln:dupont-00438,Luca Dupont,CN
fl:luca_ln:miller-00439,Luca Miller,JP
fl:marco_ln:kumar-00440,Marco Kumar,
fl:alice_ln:wang-00441,Alice Wang,FR
fl:jin_ln:martin-00442,Jin Martin,CN
fl:chen_ln:rossi-00443,Chen Rossi,
fl:anika_ln:khan-00444,Anika Khan,US
fl:liam_ln:davis-00445,Liam Davis,
fl:camille_ln:rodriguez-00446,Camille Rodriguez,
fl:greta_ln:yamamoto-00447,Greta Yamamoto,TW
fl:priya_ln:khan-00448,Priya Khan,CA
fl:oliver_ln:yamamoto-00449,Oliver Yamamoto,
fl:alice_ln:li-00450,Alice Li,
fl:giulia_ln:rodriguez-00451,Giulia Rodriguez,US
fl:seo-yun_ln:müller-00452,Seo-yun Müller,
fl:luca_ln:gupta-00453,Luca Gupta,US
fl:aisha_ln:martin-00454,Aisha Martin,
fl:hans_ln:gupta-00455,Hans Gupta,US
fl:liam_ln:smith-00456,Liam Smith,US
fl:olivia_ln:ahmed-00457,Olivia Ahmed,
fl:chen_ln:petrov-00458,Chen Petrov,CN
fl:kenji_ln:zhang-00459,Kenji Zhang,
fl:aisha_ln:johnson-00460,Aisha Johnson,
fl:greta_ln:brown-00461,Greta Brown,CN
fl:alice_ln:hassan-00462,Alice Hassan,
fl:mohammed_ln:kim-00463,Mohammed Kim,US
fl:sofia_ln:wang-00464,Sofia Wang,
fl:mohammed_ln:davis-00465,Mohammed Davis,JP
fl:anika_ln:park-00466,Anika Park,
fl:camille_ln:martin-00467,Camille Martin,TW
fl:liu_ln:kim-00468,Liu Kim,US
fl:aisha_ln:anderson-00469,Aisha Anderson,GB
fl:greta_ln:brown-00470,Greta Brown,CN
fl:ahmed_ln:rossi-00471,Ahmed Rossi,
fl:sakura_ln:brown-00472,Sakura Brown,CN
fl:hans_ln:tanaka-00473,Hans Tanaka,
fl:greta_ln:tanaka-00474,Greta Tanaka,CA
fl:kenji_ln:brown-00475,Kenji Brown,US
fl:pierre_ln:sharma-00476,Pierre Sharma,US
fl:ivan_ln:müller-00477,Ivan Müller,
fl:liam_ln:schmidt-00478,Liam Schmidt,CN
fl:wei_ln:zhang-00479,Wei Zhang,JP
fl:priya_ln:khan-00480,Priya Khan,KR
fl:noah_ln:garcia-00481,Noah Garcia,KR
fl:emma_ln:sato-00482,Emma Sato,SE
fl:min_ln:sharma-00483,Min Sharma,CN
fl:fatima_ln:park-00484,Fatima Park,
fl:kenji_ln:wilson-00485,Kenji Wilson,
fl:amelia_ln:khan-00486,Amelia Khan,US
fl:mohammed_ln:hassan-00487,Mohammed Hassan,US
fl:priya_ln:petrov-00488,Priya Petrov,CN
fl:marco_ln:müller-00489,Marco Müller,US
fl:pierre_ln:conti-00490,Pierre Conti,GB
fl:luca_ln:park-00491,Luca Park,FR
fl:camille_ln:zhang-00492,Camille Zhang,US
fl:ivan_ln:park-00493,Ivan Park,CN
fl:isabella_ln:johnson-00494,Isabella Johnson,US
fl:priya_ln:smith-00495,Priya Smith,US
fl:greta_ln:ivanov-00496,Greta Ivanov,DE
fl:chen_ln:zhang-00497,Chen Zhang,FR
fl:kenji_ln:johnson-00498,Kenji Johnson,CN
fl:amelia_ln:miller-00499,Amelia Miller,US
fl:wei_ln:ali-00500,Wei Ali,
fl:yuki_ln:tanaka-00501,Yuki Tanaka,US
fl:hiroshi_ln:patel-00502,Hiroshi Patel,
fl:jin_ln:schmidt-00503,Jin Schmidt,
fl:hans_ln:ahmed-00504,Hans Ahmed,SE
fl:camille_ln:johnson-00505,Camille Johnson,US
fl:sakura_ln:dupont-00506,Sakura Dupont,CN
fl:chen_ln:ali-00507,Chen Ali,
fl:aisha_ln:rodriguez-00508,Aisha Rodriguez,JP
fl:priya_ln:rossi-00509,Priya Rossi,
fl:seo-yun_ln:gupta-00510,Seo-yun Gupta,
fl:amelia_ln:martin-00511,Amelia Martin,CN
fl:kenji_ln:martin-00512,Kenji Martin,
fl:ivan_ln:rodriguez-00513,Ivan Rodriguez,DE
fl:pierre_ln:wilson-00514,Pierre Wilson,SE
fl:isabella_ln:hassan-00515,Isabella Hassan,
fl:sofia_ln:davis-00516,Sofia Davis,JP
fl:amelia_ln:kumar-00517,Amelia Kumar,
fl:fatima_ln:martin-00518,Fatima Martin,CA
fl:santosh_ln:garcia-00519,Santosh Garcia,
fl:carlos_ln:johnson-00520,Carlos Johnson,SE
fl:anika_ln:sato-00521,Anika Sato,TW
fl:sofia_ln:garcia-00522,Sofia Garcia,
fl:fatima_ln:petrov-00523,Fatima Petrov,
fl:sakura_ln:rossi-00524,Sakura Rossi,DE
fl:giulia_ln:davis-00525,Giulia Davis,US
fl:amelia_ln:taylor-00526,Amelia Taylor,
fl:alice_ln:ali-00527,Alice Ali,US
fl:wei_ln:patel-00528,Wei Patel,US
fl:pierre_ln:davis-00529,Pierre Davis,CN
fl:ivan_ln:patel-00530,Ivan Patel,
fl:sakura_ln:hassan-00531,Sakura Hassan,US
fl:olivia_ln:ahmed-00532,Olivia Ahmed,KR
fl:isabella_ln:kumar-00533,Isabella Kumar,JP
fl:greta_ln:sato-00534,Greta Sato,IN
fl:marco_ln:park-00535,Marco Park,CN
fl:santosh_ln:yamamoto-00536,Santosh Yamamoto,
fl:liu_ln:patel-00537,Liu Patel,US
fl:hiroshi_ln:park-00538,Hiroshi Park,US
fl:ivan_ln:ferrari-00539,Ivan Ferrari,
fl:liu_ln:park-00540,Liu Park,
fl:min_ln:kumar-00541,Min Kumar,US
fl:santosh_ln:conti-00542,Santosh Conti,US
fl:wei_ln:gupta-00543,Wei Gupta,US
fl:alice_ln:chen-00544,Alice Chen,US
fl:sakura_ln:suzuki-00545,Sakura Suzuki,JP
fl:priya_ln:wang-00546,Priya Wang,KR
fl:seo-yun_ln:davis-00547,Seo-yun Davis,US
fl:rajesh_ln:wang-00548,Rajesh Wang,CN
fl:ahmed_ln:tanaka-00549,Ahmed Tanaka,US
fl:santosh_ln:ahmed-00550,Santosh Ahmed,US
fl:mohammed_ln:yamamoto-00551,Mohammed Yamamoto,
fl:anika_ln:rodriguez-00552,Anika Rodriguez,
fl:aisha_ln:davis-00553,Aisha Davis,DE
fl:santosh_ln:tanaka-00554,Santosh Tanaka,US
fl:ivan_ln:ali-00555,Ivan Ali,
fl:liam_ln:dupont-00556,Liam Dupont,
fl:natasha_ln:smith-00557,Natasha Smith,
fl:pierre_ln:ahmed-00558,Pierre Ahmed,JP
fl:isabella_ln:suzuki-00559,Isabella Suzuki,IN
fl:hiroshi_ln:johnson-00560,Hiroshi Johnson,US
fl:sofia_ln:esposito-00561,Sofia Esposito,
fl:carlos_ln:garcia-00562,Carlos Garcia,JP
fl:giulia_ln:garcia-00563,Giulia Garcia,
fl:john_ln:anderson-00564,John Anderson,CN
fl:kenji_ln:conti-00565,Kenji Conti,FR
fl:seo-yun_ln:conti-00566,Seo-yun Conti,KR
fl:olivia_ln:dupont-00567,Olivia Dupont,
fl:sakura_ln:tanaka-00568,Sakura Tanaka,
fl:ivan_ln:tanaka-00569,Ivan Tanaka,
fl:hiroshi_ln:khan-00570,Hiroshi Khan,US
fl:min_ln:ali-00571,Min Ali,JP
fl:ahmed_ln:rodriguez-00572,Ahmed Rodriguez,
fl:ahmed_ln:esposito-00573,Ahmed Esposito,
fl:fatima_ln:khan-00574,Fatima Khan,
fl:rajesh_ln:müller-00575,Rajesh Müller,US
fl:aisha_ln:kim-00576,Aisha Kim,US
fl:olivia_ln:miller-00577,Olivia Miller,US
fl:amelia_ln:sharma-00578,Amelia Sharma,CN
fl:oliver_ln:rossi-00579,Oliver Rossi,CN
fl:kenji_ln:petrov-00580,Kenji Petrov,JP
fl:mohammed_ln:schmidt-00581,Mohammed Schmidt,
fl:olivia_ln:müller-00582,Olivia Müller,JP
fl:isabella_ln:ali-00583,Isabella Ali,
fl:liu_ln:li-00584,Liu Li,US
fl:liam_ln:kumar-00585,Liam Kumar,US
fl:carlos_ln:esposito-00586,Carlos Esposito,
fl:wei_ln:petrov-00587,Wei Petrov,
fl:oliver_ln:rodriguez-00588,Oliver Rodriguez,US
fl:oliver_ln:yamamoto-00589,Oliver Yamamoto,
fl:rajesh_ln:esposito-00590,Rajesh Esposito,CN
fl:camille_ln:wang-00591,Camille Wang,US
fl:sakura_ln:schmidt-00592,Sakura Schmidt,TW
fl:sofia_ln:miller-00593,Sofia Miller,FR
fl:priya_ln:esposito-00594,Priya Esposito,US
fl:giulia_ln:miller-00595,Giulia Miller,JP
fl:greta_ln:wilson-00596,Greta Wilson,CN
fl:santosh_ln:kumar-00597,Santosh Kumar,US
fl:yuki_ln:wilson-00598,Yuki Wilson,
fl:liu_ln:wilson-00599,Liu Wilson,
fl:sakura_ln:suzuki-00600,Sakura Suzuki,
fl:hans_ln:khan-00601,Hans Khan,US
fl:seo-yun_ln:miller-00602,Seo-yun Miller,US
fl:isabella_ln:petrov-00603,Isabella Petrov,CA
fl:greta_ln:müller-00604,Greta Müller,
fl:greta_ln:müller-00605,Greta Müller,US
fl:jin_ln:ferrari-00606,Jin Ferrari,
fl:amelia_ln:taylor-00607,Amelia Taylor,US
fl:fatima_ln:brown-00608,Fatima Brown,CN
fl:sofia_ln:tanaka-00609,Sofia Tanaka,US
fl:pierre_ln:garcia-00610,Pierre Garcia,FR
fl:sakura_ln:hassan-00611,Sakura Hassan,US
fl:olivia_ln:smith-00612,Olivia Smith,
fl:rajesh_ln:li-00613,Rajesh Li,GB
fl:mohammed_ln:park-00614,Mohammed Park,JP
fl:olivia_ln:ahmed-00615,Olivia Ahmed,US
fl:hiroshi_ln:zhang-00616,Hiroshi Zhang,
fl:carlos_ln:tanaka-00617,Carlos Tanaka,US
fl:rajesh_ln:brown-00618,Rajesh Brown,US
fl:aisha_ln:park-00619,Aisha Park,GB
fl:noah_ln:sato-00620,Noah Sato,US
fl:yuki_ln:khan-00621,Yuki Khan,
fl:natasha_ln:miller-00622,Natasha Miller,
fl:pierre_ln:conti-00623,Pierre Conti,
fl:amelia_ln:smith-00624,Amelia Smith,CN
fl:min_ln:park-00625,Min Park,KR
fl:ivan_ln:wilson-00626,Ivan Wilson,
fl:priya_ln:schmidt-00627,Priya Schmidt,US
fl:sakura_ln:ahmed-00628,Sakura Ahmed,US
fl:chen_ln:patel-00629,Chen Patel,CN
fl:luca_ln:davis-00630,Luca Davis,
fl:ahmed_ln:rossi-00631,Ahmed Rossi,
fl:hans_ln:hassan-00632,Hans Hassan,
fl:santosh_ln:garcia-00633,Santosh Garcia,
fl:john_ln:tanaka-00634,John Tanaka,SE
fl:greta_ln:suzuki-00635,Greta Suzuki,CN
fl:isabella_ln:ivanov-00636,Isabella Ivanov,CN
fl:jin_ln:rodriguez-00637,Jin Rodriguez,US
fl:sofia_ln:yamamoto-00638,Sofia Yamamoto,US
fl:hiroshi_ln:hassan-00639,Hiroshi Hassan,US
fl:ivan_ln:ahmed-00640,Ivan Ahmed,
fl:alice_ln:smith-00641,Alice Smith,CN
fl:seo-yun_ln:garcia-00642,Seo-yun Garcia,
fl:ahmed_ln:tanaka-00643,Ahmed Tanaka,
fl:priya_ln:dupont-00644,Priya Dupont,CN
fl:alice_ln:brown-00645,Alice Brown,CN
fl:seo-yun_ln:dupont-00646,Seo-yun Dupont,KR
fl:liam_ln:martin-00647,Liam Martin,
fl:ivan_ln:ivanov-00648,Ivan Ivanov,US
fl:camille_ln:wang-00649,Camille Wang,
fl:kenji_ln:smith-00650,Kenji Smith,US
fl:carlos_ln:sato-00651,Carlos Sato,US
fl:john_ln:garcia-00652,John Garcia,CN
fl:liam_ln:rodriguez-00653,Liam Rodriguez,
fl:yuki_ln:smith-00654,Yuki Smith,
fl:liam_ln:patel-00655,Liam Patel,
fl:camille_ln:anderson-00656,Camille Anderson,
fl:aisha_ln:anderson-00657,Aisha Anderson,US
fl:pierre_ln:park-00658,Pierre Park,US
fl:chen_ln:gupta-00659,Chen Gupta,
fl:ahmed_ln:conti-00660,Ahmed Conti,US
fl:luca_ln:taylor-00661,Luca Taylor,CA
fl:camille_ln:tanaka-00662,Camille Tanaka,
fl:hiroshi_ln:sharma-00663,Hiroshi Sharma,CN
fl:marco_ln:sharma-00664,Marco Sharma,
fl:kenji_ln:ivanov-00665,Kenji Ivanov,CN
fl:camille_ln:gupta-00666,Camille Gupta,US
fl:marco_ln:miller-00667,Marco Miller,KR
fl:olivia_ln:li-00668,Olivia Li,KR
fl:hiroshi_ln:conti-00669,Hiroshi Conti,US
fl:santosh_ln:khan-00670,Santosh Khan,US
fl:sakura_ln:petrov-00671,Sakura Petrov,JP
fl:camille_ln:khan-00672,Camille Khan,TW
fl:sakura_ln:davis-00673,Sakura Davis,FR
fl:rajesh_ln:zhang-00674,Rajesh Zhang,US
fl:amelia_ln:brown-00675,Amelia Brown,JP
fl:min_ln:anderson-00676,Min Anderson,US
fl:olivia_ln:patel-00677,Olivia Patel,US
fl:alice_ln:garcia-00678,Alice Garcia,JP
fl:wei_ln:miller-00679,Wei Miller,JP
fl:fatima_ln:taylor-00680,Fatima Taylor,
fl:oliver_ln:ahmed-00681,Oliver Ahmed,
fl:priya_ln:zhang-00682,Priya Zhang,CA
fl:olivia_ln:smith-00683,Olivia Smith,
fl:chen_ln:zhang-00684,Chen Zhang,
fl:emma_ln:kumar-00685,Emma Kumar,
fl:priya_ln:ferrari-00686,Priya Ferrari,
fl:kenji_ln:zhang-00687,Kenji Zhang,CN
fl:amelia_ln:martin-00688,Amelia Martin,US
fl:carlos_ln:sato-00689,Carlos Sato,GB
fl:wei_ln:hassan-00690,Wei Hassan,US
fl:olivia_ln:hassan-00691,Olivia Hassan,CN
fl:ahmed_ln:patel-00692,Ahmed Patel,IN
fl:mohammed_ln:dupont-00693,Mohammed Dupont,
fl:hiroshi_ln:johnson-00694,Hiroshi Johnson,
fl:santosh_ln:petrov-00695,Santosh Petrov,
fl:seo-yun_ln:anderson-00696,Seo-yun Anderson,US
fl:ivan_ln:sato-00697,Ivan Sato,
fl:hans_ln:li-00698,Hans Li,US
fl:yuki_ln:smith-00699,Yuki Smith,US
fl:mohammed_ln:davis-00700,Mohammed Davis,
fl:wei_ln:martin-00701,Wei Martin,US
fl:sofia_ln:müller-00702,Sofia Müller,CN
fl:liu_ln:davis-00703,Liu Davis,CN
fl:natasha_ln:wang-00704,Natasha Wang,
fl:ivan_ln:hassan-00705,Ivan Hassan,CN
fl:pierre_ln:wang-00706,Pierre Wang,US
fl:hiroshi_ln:müller-00707,Hiroshi Müller,
fl:camille_ln:müller-00708,Camille Müller,TW
fl:ahmed_ln:esposito-00709,Ahmed Esposito,NL
fl:luca_ln:petrov-00710,Luca Petrov,CN
fl:mohammed_ln:anderson-00711,Mohammed Anderson,DE
fl:natasha_ln:li-00712,Natasha Li,US
fl:ivan_ln:park-00713,Ivan Park,GB
fl:isabella_ln:tanaka-00714,Isabella Tanaka,
fl:ivan_ln:wang-00715,Ivan Wang,US
fl:mohammed_ln:kumar-00716,Mohammed Kumar,
fl:greta_ln:ivanov-00717,Greta Ivanov,US
fl:priya_ln:garcia-00718,Priya Garcia,TW
fl:fatima_ln:rodriguez-00719,Fatima Rodriguez,US
fl:natasha_ln:patel-00720,Natasha Patel,CA
fl:ivan_ln:ivanov-00721,Ivan Ivanov,US
fl:ivan_ln:wang-00722,Ivan Wang,
fl:santosh_ln:patel-00723,Santosh Patel,US
fl:sakura_ln:wang-00724,Sakura Wang,IN
fl:marco_ln:wilson-00725,Marco Wilson,DE
fl:seo-yun_ln:garcia-00726,Seo-yun Garcia,CN
fl:seo-yun_ln:li-00727,Seo-yun Li,US
fl:min_ln:tanaka-00728,Min Tanaka,US
fl:natasha_ln:rodriguez-00729,Natasha Rodriguez,GB
fl:giulia_ln:suzuki-00730,Giulia Suzuki,JP
fl:rajesh_ln:smith-00731,Rajesh Smith,US
fl:noah_ln:dupont-00732,Noah Dupont,US
fl:anika_ln:ali-00733,Anika Ali,CN
fl:greta_ln:zhang-00734,Greta Zhang,
fl:ivan_ln:anderson-00735,Ivan Anderson,US
fl:isabella_ln:conti-00736,Isabella Conti,KR
fl:santosh_ln:conti-00737,Santosh Conti,US
fl:min_ln:sato-00738,Min Sato,
fl:ahmed_ln:suzuki-00739,Ahmed Suzuki,KR
fl:isabella_ln:esposito-00740,Isabella Esposito,CN
fl:olivia_ln:garcia-00741,Olivia Garcia,US
fl:ahmed_ln:sharma-00742,Ahmed Sharma,CN
fl:noah_ln:anderson-00743,Noah Anderson,US
fl:wei_ln:li-00744,Wei Li,CN
fl:ivan_ln:schmidt-00745,Ivan Schmidt,
fl:aisha_ln:petrov-00746,Aisha Petrov,CN
fl:sofia_ln:johnson-00747,Sofia Johnson,CN
fl:hans_ln:ivanov-00748,Hans Ivanov,
fl:natasha_ln:rodriguez-00749,Natasha Rodriguez,CN
fl:mohammed_ln:anderson-00750,Mohammed Anderson,US
fl:kenji_ln:tanaka-00751,Kenji Tanaka,US
fl:liam_ln:brown-00752,Liam Brown,CN
fl:hiroshi_ln:park-00753,Hiroshi Park,
fl:ahmed_ln:martin-00754,Ahmed Martin,CN
fl:carlos_ln:anderson-00755,Carlos Anderson,US
fl:luca_ln:ahmed-00756,Luca Ahmed,CN
fl:liu_ln:miller-00757,Liu Miller,
fl:sofia_ln:garcia-00758,Sofia Garcia,US
fl:wei_ln:brown-00759,Wei Brown,
fl:amelia_ln:dupont-00760,Amelia Dupont,US
fl:yuki_ln:conti-00761,Yuki Conti,DE
fl:giulia_ln:müller-00762,Giulia Müller,US
fl:camille_ln:davis-00763,Camille Davis,US
fl:camille_ln:ferrari-00764,Camille Ferrari,
fl:isabella_ln:hassan-00765,Isabella Hassan,
fl:olivia_ln:brown-00766,Olivia Brown,IN
fl:john_ln:wang-00767,John Wang,JP
fl:camille_ln:kumar-00768,Camille Kumar,US
fl:aisha_ln:suzuki-00769,Aisha Suzuki,
fl:amelia_ln:davis-00770,Amelia Davis,US
fl:mohammed_ln:ali-00771,Mohammed Ali,
fl:priya_ln:wilson-00772,Priya Wilson,JP
fl:camille_ln:taylor-00773,Camille Taylor,FR
fl:rajesh_ln:wilson-00774,Rajesh Wilson,
fl:fatima_ln:suzuki-00775,Fatima Suzuki,CN
fl:marco_ln:park-00776,Marco Park,
fl:isabella_ln:schmidt-00777,Isabella Schmidt,US
fl:seo-yun_ln:martin-00778,Seo-yun Martin,CN
fl:camille_ln:petrov-00779,Camille Petrov,DE
fl:jin_ln:conti-00780,Jin Conti,
fl:priya_ln:martin-00781,Priya Martin,
fl:min_ln:rodriguez-00782,Min Rodriguez,
fl:aisha_ln:zhang-00783,Aisha Zhang,GB
fl:hiroshi_ln:yamamoto-00784,Hiroshi Yamamoto,US
fl:camille_ln:park-00785,Camille Park,
fl:priya_ln:zhang-00786,Priya Zhang,KR
fl:hiroshi_ln:gupta-00787,Hiroshi Gupta,JP
fl:min_ln:davis-00788,Min Davis,
fl:isabella_ln:khan-00789,Isabella Khan,CN
fl:liu_ln:johnson-00790,Liu Johnson,US
fl:min_ln:sato-00791,Min Sato,US
fl:camille_ln:anderson-00792,Camille Anderson,US
fl:aisha_ln:zhang-00793,Aisha Zhang,JP
fl:camille_ln:johnson-00794,Camille Johnson,US
fl:chen_ln:patel-00795,Chen Patel,KR
fl:emma_ln:garcia-00796,Emma Garcia,CN
fl:seo-yun_ln:gupta-00797,Seo-yun Gupta,US
fl:seo-yun_ln:brown-00798,Seo-yun Brown,CA
fl:camille_ln:kumar-00799,Camille Kumar,US
fl:mohammed_ln:park-00800,Mohammed Park,SE
fl:aisha_ln:suzuki-00801,Aisha Suzuki,US
fl:olivia_ln:miller-00802,Olivia Miller,
fl:fatima_ln:tanaka-00803,Fatima Tanaka,CN
fl:pierre_ln:dupont-00804,Pierre Dupont,CN
fl:pierre_ln:ferrari-00805,Pierre Ferrari,CN
fl:sakura_ln:ferrari-00806,Sakura Ferrari,US
fl:alice_ln:taylor-00807,Alice Taylor,
fl:priya_ln:müller-00808,Priya Müller,CN
fl:amelia_ln:sharma-00809,Amelia Sharma,SE
fl:ahmed_ln:esposito-00810,Ahmed Esposito,US
fl:isabella_ln:petrov-00811,Isabella Petrov,KR
fl:luca_ln:zhang-00812,Luca Zhang,
fl:ivan_ln:park-00813,Ivan Park,
fl:priya_ln:rossi-00814,Priya Rossi,CN
fl:wei_ln:conti-00815,Wei Conti,
fl:jin_ln:rodriguez-00816,Jin Rodriguez,US
fl:seo-yun_ln:esposito-00817,Seo-yun Esposito,US
fl:chen_ln:smith-00818,Chen Smith,
fl:yuki_ln:ahmed-00819,Yuki Ahmed,US
fl:sofia_ln:suzuki-00820,Sofia Suzuki,
fl:fatima_ln:ferrari-00821,Fatima Ferrari,
fl:fatima_ln:wang-00822,Fatima Wang,
fl:sakura_ln:davis-00823,Sakura Davis,
fl:liam_ln:esposito-00824,Liam Esposito,IN
fl:sofia_ln:smith-00825,Sofia Smith,JP
fl:natasha_ln:sato-00826,Natasha Sato,JP
fl:greta_ln:ferrari-00827,Greta Ferrari,JP
fl:rajesh_ln:esposito-00828,Rajesh Esposito,JP
fl:hans_ln:khan-00829,Hans Khan,CA
fl:fatima_ln:brown-00830,Fatima Brown,US
fl:liu_ln:suzuki-00831,Liu Suzuki,US
fl:liam_ln:zhang-00832,Liam Zhang,US
fl:mohammed_ln:johnson-00833,Mohammed Johnson,
fl:hiroshi_ln:ali-00834,Hiroshi Ali,JP
fl:noah_ln:dupont-00835,Noah Dupont,CN
fl:oliver_ln:ahmed-00836,Oliver Ahmed,CN
fl:emma_ln:ferrari-00837,Emma Ferrari,
fl:isabella_ln:chen-00838,Isabella Chen,US
fl:isabella_ln:johnson-00839,Isabella Johnson,US
fl:alice_ln:davis-00840,Alice Davis,US
fl:olivia_ln:esposito-00841,Olivia Esposito,GB
fl:sofia_ln:khan-00842,Sofia Khan,US
fl:carlos_ln:miller-00843,Carlos Miller,FR
fl:chen_ln:müller-00844,Chen Müller,CN
fl:natasha_ln:yamamoto-00845,Natasha Yamamoto,CN
fl:seo-yun_ln:park-00846,Seo-yun Park,IN
fl:chen_ln:kumar-00847,Chen Kumar,US
fl:pierre_ln:kumar-00848,Pierre Kumar,US
fl:olivia_ln:ivanov-00849,Olivia Ivanov,US
fl:camille_ln:petrov-00850,Camille Petrov,CN
fl:noah_ln:rodriguez-00851,Noah Rodriguez,TW
fl:isabella_ln:chen-00852,Isabella Chen,IN
fl:anika_ln:petrov-00853,Anika Petrov,US
fl:wei_ln:ferrari-00854,Wei Ferrari,US
fl:giulia_ln:yamamoto-00855,Giulia Yamamoto,IN
fl:oliver_ln:tanaka-00856,Oliver Tanaka,US
fl:alice_ln:kumar-00857,Alice Kumar,US
fl:ivan_ln:kumar-00858,Ivan Kumar,
fl:seo-yun_ln:anderson-00859,Seo-yun Anderson,
fl:sakura_ln:conti-00860,Sakura Conti,US
fl:camille_ln:wang-00861,Camille Wang,CN
fl:ahmed_ln:yamamoto-00862,Ahmed Yamamoto,US
fl:liam_ln:li-00863,Liam Li,KR
fl:isabella_ln:sato-00864,Isabella Sato,
fl:carlos_ln:zhang-00865,Carlos Zhang,IN
fl:giulia_ln:yamamoto-00866,Giulia Yamamoto,DE
fl:luca_ln:park-00867,Luca Park,IN
fl:liu_ln:ali-00868,Liu Ali,
fl:giulia_ln:ivanov-00869,Giulia Ivanov,JP
fl:rajesh_ln:khan-00870,Rajesh Khan,JP
fl:greta_ln:wang-00871,Greta Wang,CN
fl:hans_ln:miller-00872,Hans Miller,US
fl:mohammed_ln:davis-00873,Mohammed Davis,
fl:hiroshi_ln:sharma-00874,Hiroshi Sharma,US
fl:oliver_ln:schmidt-00875,Oliver Schmidt,
fl:natasha_ln:zhang-00876,Natasha Zhang,
fl:oliver_ln:kumar-00877,Oliver Kumar,US
fl:carlos_ln:anderson-00878,Carlos Anderson,
fl:carlos_ln:khan-00879,Carlos Khan,JP
fl:yuki_ln:wilson-00880,Yuki Wilson,US
fl:olivia_ln:kumar-00881,Olivia Kumar,CN
fl:isabella_ln:ivanov-00882,Isabella Ivanov,US
fl:giulia_ln:ahmed-00883,Giulia Ahmed,
fl:fatima_ln:rodriguez-00884,Fatima Rodriguez,
fl:amelia_ln:anderson-00885,Amelia Anderson,
fl:emma_ln:yamamoto-00886,Emma Yamamoto,US
fl:anika_ln:rodriguez-00887,Anika Rodriguez,
fl:ivan_ln:esposito-00888,Ivan Esposito,US
fl:hans_ln:esposito-00889,Hans Esposito,DE
fl:sofia_ln:smith-00890,Sofia Smith,CN
fl:giulia_ln:garcia-00891,Giulia Garcia,US
fl:priya_ln:garcia-00892,Priya Garcia,US
fl:rajesh_ln:miller-00893,Rajesh Miller,CN
fl:ivan_ln:anderson-00894,Ivan Anderson,US
fl:amelia_ln:johnson-00895,Amelia Johnson,
fl:anika_ln:wilson-00896,Anika Wilson,US
fl:olivia_ln:li-00897,Olivia Li,US
fl:luca_ln:suzuki-00898,Luca Suzuki,KR
fl:luca_ln:sato-00899,Luca Sato,US
fl:greta_ln:esposito-00900,Greta Esposito,US
fl:rajesh_ln:ahmed-00901,Rajesh Ahmed,
fl:greta_ln:martin-00902,Greta Martin,CN
fl:sakura_ln:anderson-00903,Sakura Anderson,US
fl:sofia_ln:miller-00904,Sofia Miller,JP
fl:wei_ln:wilson-00905,Wei Wilson,US
fl:seo-yun_ln:hassan-00906,Seo-yun Hassan,
fl:yuki_ln:miller-00907,Yuki Miller,
fl:priya_ln:dupont-00908,Priya Dupont,US
fl:john_ln:patel-00909,John Patel,
fl:isabella_ln:wang-00910,Isabella Wang,CN
fl:mohammed_ln:ivanov-00911,Mohammed Ivanov,GB
fl:liam_ln:rodriguez-00912,Liam Rodriguez,US
fl:marco_ln:brown-00913,Marco Brown,CN
fl:yuki_ln:ferrari-00914,Yuki Ferrari,KR
fl:camille_ln:davis-00915,Camille Davis,CN
fl:isabella_ln:schmidt-00916,Isabella Schmidt,JP
fl:carlos_ln:dupont-00917,Carlos Dupont,IN
fl:fatima_ln:müller-00918,Fatima Müller,DE
fl:seo-yun_ln:ferrari-00919,Seo-yun Ferrari,
fl:min_ln:tanaka-00920,Min Tanaka,
fl:john_ln:taylor-00921,John Taylor,CN
fl:seo-yun_ln:brown-00922,Seo-yun Brown,
fl:olivia_ln:anderson-00923,Olivia Anderson,KR
fl:yuki_ln:park-00924,Yuki Park,GB
fl:jin_ln:patel-00925,Jin Patel,GB
fl:luca_ln:wilson-00926,Luca Wilson,JP
fl:john_ln:wilson-00927,John Wilson,GB
fl:liu_ln:schmidt-00928,Liu Schmidt,US
fl:ahmed_ln:park-00929,Ahmed Park,US
fl:anika_ln:yamamoto-00930,Anika Yamamoto,US
fl:giulia_ln:müller-00931,Giulia Müller,
fl:olivia_ln:wang-00932,Olivia Wang,
fl:min_ln:rodriguez-00933,Min Rodriguez,
fl:olivia_ln:johnson-00934,Olivia Johnson,
fl:wei_ln:patel-00935,Wei Patel,CN
fl:yuki_ln:miller-00936,Yuki Miller,US
fl:fatima_ln:rossi-00937,Fatima Rossi,
fl:camille_ln:wilson-00938,Camille Wilson,JP
fl:noah_ln:martin-00939,Noah Martin,CN
fl:mohammed_ln:müller-00940,Mohammed Müller,TW
fl:camille_ln:patel-00941,Camille Patel,
fl:ivan_ln:wilson-00942,Ivan Wilson,JP
fl:santosh_ln:petrov-00943,Santosh Petrov,CN
fl:isabella_ln:martin-00944,Isabella Martin,
fl:fatima_ln:tanaka-00945,Fatima Tanaka,DE
fl:pierre_ln:miller-00946,Pierre Miller,
fl:hiroshi_ln:hassan-00947,Hiroshi Hassan,CN
fl:hiroshi_ln:patel-00948,Hiroshi Patel,US
fl:marco_ln:johnson-00949,Marco Johnson,KR
fl:sakura_ln:sato-00950,Sakura Sato,
fl:ahmed_ln:wilson-00951,Ahmed Wilson,
fl:emma_ln:sharma-00952,Emma Sharma,US
fl:min_ln:sato-00953,Min Sato,US
fl:sofia_ln:davis-00954,Sofia Davis,US
fl:ahmed_ln:sharma-00955,Ahmed Sharma,
fl:chen_ln:li-00956,Chen Li,US
fl:santosh_ln:brown-00957,Santosh Brown,
fl:john_ln:petrov-00958,John Petrov,US
fl:marco_ln:müller-00959,Marco Müller,
fl:sakura_ln:petrov-00960,Sakura Petrov,CN
fl:luca_ln:wang-00961,Luca Wang,CN
fl:hiroshi_ln:wilson-00962,Hiroshi Wilson,CN
fl:hiroshi_ln:hassan-00963,Hiroshi Hassan,CN
fl:john_ln:zhang-00964,John Zhang,CN
fl:camille_ln:sato-00965,Camille Sato,GB
fl:camille_ln:hassan-00966,Camille Hassan,CN
fl:seo-yun_ln:ahmed-00967,Seo-yun Ahmed,
fl:min_ln:rossi-00968,Min Rossi,
fl:amelia_ln:li-00969,Amelia Li,CN
fl:anika_ln:martin-00970,Anika Martin,DE
fl:liam_ln:kumar-00971,Liam Kumar,
fl:chen_ln:sato-00972,Chen Sato,
fl:amelia_ln:ivanov-00973,Amelia Ivanov,
fl:aisha_ln:park-00974,Aisha Park,CN
fl:alice_ln:gupta-00975,Alice Gupta,US
fl:sakura_ln:zhang-00976,Sakura Zhang,GB
fl:santosh_ln:chen-00977,Santosh Chen,US
fl:santosh_ln:conti-00978,Santosh Conti,US
fl:santosh_ln:esposito-00979,Santosh Esposito,US
fl:sofia_ln:park-00980,Sofia Park,US
fl:john_ln:müller-00981,John Müller,US
fl:jin_ln:rodriguez-00982,Jin Rodriguez,CN
fl:ahmed_ln:patel-00983,Ahmed Patel,US
fl:min_ln:esposito-00984,Min Esposito,JP
fl:seo-yun_ln:zhang-00985,Seo-yun Zhang,CN
fl:olivia_ln:taylor-00986,Olivia Taylor,US
fl:mohammed_ln:yamamoto-00987,Mohammed Yamamoto,US
fl:amelia_ln:ivanov-00988,Amelia Ivanov,
fl:natasha_ln:sharma-00989,Natasha Sharma,
fl:mohammed_ln:ferrari-00990,Mohammed Ferrari,US
fl:amelia_ln:sato-00991,Amelia Sato,
fl:carlos_ln:ali-00992,Carlos Ali,CN
fl:ahmed_ln:petrov-00993,Ahmed Petrov,US
fl:liu_ln:yamamoto-00994,Liu Yamamoto,CN
fl:fatima_ln:garcia-00995,Fatima Garcia,CN
fl:priya_ln:johnson-00996,Priya Johnson,US
fl:alice_ln:davis-00997,Alice Davis,
fl:wei_ln:dupont-00998,Wei Dupont,CN
fl:seo-yun_ln:ivanov-00999,Seo-yun Ivanov,TW
fl:marco_ln:smith-01000,Marco Smith,
fl:ahmed_ln:ivanov-01001,Ahmed Ivanov,
fl:luca_ln:suzuki-01002,Luca Suzuki,US
fl:hans_ln:suzuki-01003,Hans Suzuki,TW
fl:kenji_ln:miller-01004,Kenji Miller,
fl:carlos_ln:brown-01005,Carlos Brown,
fl:alice_ln:rodriguez-01006,Alice Rodriguez,DE
fl:greta_ln:petrov-01007,Greta Petrov,
fl:greta_ln:rossi-01008,Greta Rossi,
fl:emma_ln:yamamoto-01009,Emma Yamamoto,US
fl:isabella_ln:suzuki-01010,Isabella Suzuki,US
fl:liu_ln:li-01011,Liu Li,CN
fl:olivia_ln:anderson-01012,Olivia Anderson,CN
fl:kenji_ln:conti-01013,Kenji Conti,
fl:fatima_ln:rossi-01014,Fatima Rossi,JP
fl:yuki_ln:kumar-01015,Yuki Kumar,US
fl:wei_ln:kumar-01016,Wei Kumar,US
fl:noah_ln:li-01017,Noah Li,
fl:anika_ln:park-01018,Anika Park,
fl:hans_ln:smith-01019,Hans Smith,US
fl:hiroshi_ln:esposito-01020,Hiroshi Esposito,CA
fl:marco_ln:zhang-01021,Marco Zhang,TW
fl:hiroshi_ln:ali-01022,Hiroshi Ali,FR
fl:pierre_ln:chen-01023,Pierre Chen,
fl:amelia_ln:zhang-01024,Amelia Zhang,
fl:luca_ln:ali-01025,Luca Ali,IN
fl:greta_ln:smith-01026,Greta Smith,
fl:yuki_ln:ferrari-01027,Yuki Ferrari,CN
fl:anika_ln:dupont-01028,Anika Dupont,
fl:marco_ln:sharma-01029,Marco Sharma,
fl:aisha_ln:ahmed-01030,Aisha Ahmed,JP
fl:ahmed_ln:chen-01031,Ahmed Chen,US
fl:ahmed_ln:johnson-01032,Ahmed Johnson,
fl:hans_ln:kumar-01033,Hans Kumar,CN
fl:anika_ln:conti-01034,Anika Conti,
fl:emma_ln:smith-01035,Emma Smith,
fl:priya_ln:rossi-01036,Priya Rossi,GB
fl:isabella_ln:miller-01037,Isabella Miller,US
fl:wei_ln:müller-01038,Wei Müller,
fl:olivia_ln:rossi-01039,Olivia Rossi,US
fl:pierre_ln:martin-01040,Pierre Martin,CA
fl:priya_ln:petrov-01041,Priya Petrov,US
fl:luca_ln:petrov-01042,Luca Petrov,US
fl:marco_ln:chen-01043,Marco Chen,CN
fl:pierre_ln:zhang-01044,Pierre Zhang,
fl:chen_ln:tanaka-01045,Chen Tanaka,
fl:mohammed_ln:wang-01046,Mohammed Wang,
fl:hans_ln:davis-01047,Hans Davis,US
fl:carlos_ln:sato-01048,Carlos Sato,
fl:olivia_ln:kumar-01049,Olivia Kumar,
fl:alice_ln:petrov-01050,Alice Petrov,US
fl:ahmed_ln:kumar-01051,Ahmed Kumar,
fl:priya_ln:anderson-01052,Priya Anderson,US
fl:natasha_ln:kumar-01053,Natasha Kumar,US
fl:john_ln:wilson-01054,John Wilson,CN
fl:amelia_ln:khan-01055,Amelia Khan,
fl:rajesh_ln:ali-01056,Rajesh Ali,US
fl:giulia_ln:davis-01057,Giulia Davis,GB
fl:mohammed_ln:rodriguez-01058,Mohammed Rodriguez,
fl:oliver_ln:rodriguez-01059,Oliver Rodriguez,GB
fl:alice_ln:sharma-01060,Alice Sharma,
fl:wei_ln:hassan-01061,Wei Hassan,US
fl:santosh_ln:johnson-01062,Santosh Johnson,JP
fl:chen_ln:patel-01063,Chen Patel,US
fl:noah_ln:patel-01064,Noah Patel,KR
fl:liu_ln:miller-01065,Liu Miller,FR
fl:yuki_ln:ferrari-01066,Yuki Ferrari,US
fl:greta_ln:esposito-01067,Greta Esposito,
fl:aisha_ln:suzuki-01068,Aisha Suzuki,CN
fl:liam_ln:taylor-01069,Liam Taylor,
fl:marco_ln:sato-01070,Marco Sato,JP
fl:fatima_ln:garcia-01071,Fatima Garcia,
fl:santosh_ln:sato-01072,Santosh Sato,US
fl:fatima_ln:zhang-01073,Fatima Zhang,US
fl:sofia_ln:chen-01074,Sofia Chen,US
fl:oliver_ln:suzuki-01075,Oliver Suzuki,JP
fl:camille_ln:martin-01076,Camille Martin,US
fl:carlos_ln:hassan-01077,Carlos Hassan,
fl:sakura_ln:rodriguez-01078,Sakura Rodriguez,US
fl:aisha_ln:zhang-01079,Aisha Zhang,US
fl:kenji_ln:suzuki-01080,Kenji Suzuki,
fl:jin_ln:ferrari-01081,Jin Ferrari,US
fl:liam_ln:kim-01082,Liam Kim,CA
fl:sofia_ln:tanaka-01083,Sofia Tanaka,JP
fl:aisha_ln:conti-01084,Aisha Conti,US
fl:yuki_ln:ivanov-01085,Yuki Ivanov,
fl:emma_ln:wang-01086,Emma Wang,
fl:aisha_ln:garcia-01087,Aisha Garcia,US
fl:carlos_ln:yamamoto-01088,Carlos Yamamoto,KR
fl:ahmed_ln:esposito-01089,Ahmed Esposito,US
fl:marco_ln:khan-01090,Marco Khan,
fl:yuki_ln:schmidt-01091,Yuki Schmidt,JP
fl:priya_ln:ahmed-01092,Priya Ahmed,DE
fl:oliver_ln:davis-01093,Oliver Davis,KR
fl:john_ln:garcia-01094,John Garcia,US
fl:noah_ln:chen-01095,Noah Chen,CN
fl:priya_ln:davis-01096,Priya Davis,US
fl:aisha_ln:anderson-01097,Aisha Anderson,
fl:anika_ln:brown-01098,Anika Brown,US
fl:santosh_ln:park-01099,Santosh Park,
fl:kenji_ln:miller-01100,Kenji Miller,TW
fl:oliver_ln:ferrari-01101,Oliver Ferrari,JP
fl:luca_ln:li-01102,Luca Li,CN
fl:seo-yun_ln:johnson-01103,Seo-yun Johnson,IN
fl:seo-yun_ln:anderson-01104,Seo-yun Anderson,US
fl:kenji_ln:park-01105,Kenji Park,
fl:mohammed_ln:davis-01106,Mohammed Davis,US
fl:anika_ln:smith-01107,Anika Smith,
fl:oliver_ln:ahmed-01108,Oliver Ahmed,CN
fl:isabella_ln:rossi-01109,Isabella Rossi,
fl:noah_ln:schmidt-01110,Noah Schmidt,CN
fl:ivan_ln:dupont-01111,Ivan Dupont,JP
fl:isabella_ln:smith-01112,Isabella Smith,CN
fl:emma_ln:zhang-01113,Emma Zhang,CN
fl:min_ln:sharma-01114,Min Sharma,
fl:hans_ln:zhang-01115,Hans Zhang,KR
fl:jin_ln:rodriguez-01116,Jin Rodriguez,DE
fl:seo-yun_ln:patel-01117,Seo-yun Patel,JP
fl:marco_ln:esposito-01118,Marco Esposito,US
fl:liu_ln:petrov-01119,Liu Petrov,CN
fl:min_ln:garcia-01120,Min Garcia,
fl:santosh_ln:chen-01121,Santosh Chen,
fl:ahmed_ln:ali-01122,Ahmed Ali,
fl:sofia_ln:brown-01123,Sofia Brown,TW
fl:min_ln:tanaka-01124,Min Tanaka,US
fl:isabella_ln:conti-01125,Isabella Conti,
fl:ahmed_ln:rossi-01126,Ahmed Rossi,CN
fl:amelia_ln:miller-01127,Amelia Miller,US
fl:isabella_ln:smith-01128,Isabella Smith,
fl:pierre_ln:chen-01129,Pierre Chen,
fl:pierre_ln:johnson-01130,Pierre Johnson,US
fl:ahmed_ln:miller-01131,Ahmed Miller,US
fl:anika_ln:hassan-01132,Anika Hassan,US
fl:olivia_ln:gupta-01133,Olivia Gupta,
fl:fatima_ln:rossi-01134,Fatima Rossi,US
fl:john_ln:rossi-01135,John Rossi,US
fl:emma_ln:müller-01136,Emma Müller,CN
fl:marco_ln:petrov-01137,Marco Petrov,
fl:chen_ln:yamamoto-01138,Chen Yamamoto,FR
fl:hiroshi_ln:schmidt-01139,Hiroshi Schmidt,KR
fl:aisha_ln:zhang-01140,Aisha Zhang,
fl:camille_ln:rodriguez-01141,Camille Rodriguez,US
fl:liu_ln:patel-01142,Liu Patel,CA
fl:natasha_ln:dupont-01143,Natasha Dupont,
fl:sakura_ln:khan-01144,Sakura Khan,
fl:emma_ln:kumar-01145,Emma Kumar,DE
fl:kenji_ln:ferrari-01146,Kenji Ferrari,JP
fl:ivan_ln:johnson-01147,Ivan Johnson,US
fl:aisha_ln:gupta-01148,Aisha Gupta,US
fl:chen_ln:wilson-01149,Chen Wilson,
fl:santosh_ln:martin-01150,Santosh Martin,CN
fl:sofia_ln:johnson-01151,Sofia Johnson,SE
fl:emma_ln:kumar-01152,Emma Kumar,
fl:ahmed_ln:smith-01153,Ahmed Smith,US
fl:sofia_ln:kim-01154,Sofia Kim,US
fl:sakura_ln:khan-01155,Sakura Khan,
fl:anika_ln:park-01156,Anika Park,GB
fl:anika_ln:sharma-01157,Anika Sharma,US
fl:alice_ln:sharma-01158,Alice Sharma,US
fl:chen_ln:park-01159,Chen Park,GB
fl:chen_ln:smith-01160,Chen Smith,
fl:noah_ln:ahmed-01161,Noah Ahmed,US
fl:liu_ln:ferrari-01162,Liu Ferrari,
fl:hiroshi_ln:miller-01163,Hiroshi Miller,
fl:oliver_ln:tanaka-01164,Oliver Tanaka,
fl:chen_ln:esposito-01165,Chen Esposito,CN
fl:hiroshi_ln:schmidt-01166,Hiroshi Schmidt,
fl:seo-yun_ln:li-01167,Seo-yun Li,IN
fl:ivan_ln:ahmed-01168,Ivan Ahmed,US
fl:liam_ln:khan-01169,Liam Khan,
fl:priya_ln:rodriguez-01170,Priya Rodriguez,US
fl:hans_ln:kumar-01171,Hans Kumar,
fl:alice_ln:ali-01172,Alice Ali,
fl:anika_ln:yamamoto-01173,Anika Yamamoto,IN
fl:sakura_ln:garcia-01174,Sakura Garcia,US
fl:sofia_ln:hassan-01175,Sofia Hassan,GB
fl:priya_ln:li-01176,Priya Li,US
fl:hiroshi_ln:ivanov-01177,Hiroshi Ivanov,
fl:min_ln:smith-01178,Min Smith,KR
fl:kenji_ln:johnson-01179,Kenji Johnson,NL
fl:liu_ln:schmidt-01180,Liu Schmidt,
fl:john_ln:anderson-01181,John Anderson,
fl:liu_ln:kumar-01182,Liu Kumar,US
fl:fatima_ln:sharma-01183,Fatima Sharma,
fl:liu_ln:davis-01184,Liu Davis,DE
fl:jin_ln:martin-01185,Jin Martin,US
fl:fatima_ln:yamamoto-01186,Fatima Yamamoto,US
fl:liu_ln:kumar-01187,Liu Kumar,CN
fl:hans_ln:yamamoto-01188,Hans Yamamoto,GB
fl:hans_ln:sato-01189,Hans Sato,US
fl:chen_ln:chen-01190,Chen Chen,CN
fl:marco_ln:kumar-01191,Marco Kumar,CN
fl:wei_ln:chen-01192,Wei Chen,SE
fl:liam_ln:wang-01193,Liam Wang,US
fl:min_ln:smith-01194,Min Smith,SE
fl:wei_ln:khan-01195,Wei Khan,US
fl:noah_ln:dupont-01196,Noah Dupont,US
fl:priya_ln:brown-01197,Priya Brown,US
fl:priya_ln:sato-01198,Priya Sato,CA
fl:ahmed_ln:ivanov-01199,Ahmed Ivanov,US
fl:chen_ln:smith-01200,Chen Smith,JP
fl:luca_ln:martin-01201,Luca Martin,
fl:hans_ln:wang-01202,Hans Wang,US
fl:giulia_ln:conti-01203,Giulia Conti,
fl:fatima_ln:patel-01204,Fatima Patel,CN
fl:ivan_ln:ali-01205,Ivan Ali,US
fl:jin_ln:anderson-01206,Jin Anderson,
fl:alice_ln:ferrari-01207,Alice Ferrari,TW
fl:liu_ln:schmidt-01208,Liu Schmidt,IN
fl:alice_ln:gupta-01209,Alice Gupta,KR
fl:carlos_ln:zhang-01210,Carlos Zhang,
fl:hans_ln:johnson-01211,Hans Johnson,US
fl:ivan_ln:kumar-01212,Ivan Kumar,CN
fl:sakura_ln:patel-01213,Sakura Patel,
fl:alice_ln:garcia-01214,Alice Garcia,
fl:greta_ln:ivanov-01215,Greta Ivanov,JP
fl:kenji_ln:park-01216,Kenji Park,CN
fl:greta_ln:gupta-01217,Greta Gupta,KR
fl:liam_ln:zhang-01218,Liam Zhang,US
fl:fatima_ln:yamamoto-01219,Fatima Yamamoto,
fl:giulia_ln:park-01220,Giulia Park,US
fl:anika_ln:smith-01221,Anika Smith,CN
fl:marco_ln:johnson-01222,Marco Johnson,CN
fl:yuki_ln:dupont-01223,Yuki Dupont,CN
fl:yuki_ln:müller-01224,Yuki Müller,CN
fl:ahmed_ln:müller-01225,Ahmed Müller,CN
fl:isabella_ln:martin-01226,Isabella Martin,KR
fl:aisha_ln:yamamoto-01227,Aisha Yamamoto,
fl:kenji_ln:schmidt-01228,Kenji Schmidt,CN
fl:anika_ln:ivanov-01229,Anika Ivanov,KR
fl:isabella_ln:petrov-01230,Isabella Petrov,US
fl:camille_ln:hassan-01231,Camille Hassan,US
fl:oliver_ln:rodriguez-01232,Oliver Rodriguez,US
fl:santosh_ln:martin-01233,Santosh Martin,SE
fl:aisha_ln:sharma-01234,Aisha Sharma,
fl:rajesh_ln:wilson-01235,Rajesh Wilson,CN
fl:natasha_ln:zhang-01236,Natasha Zhang,JP
fl:chen_ln:wang-01237,Chen Wang,
fl:fatima_ln:ivanov-01238,Fatima Ivanov,
fl:ivan_ln:kim-01239,Ivan Kim,US
fl:seo-yun_ln:patel-01240,Seo-yun Patel,
fl:oliver_ln:johnson-01241,Oliver Johnson,US
fl:alice_ln:hassan-01242,Alice Hassan,
fl:wei_ln:rodriguez-01243,Wei Rodriguez,JP
fl:pierre_ln:hassan-01244,Pierre Hassan,
fl:noah_ln:zhang-01245,Noah Zhang,
fl:pierre_ln:wang-01246,Pierre Wang,
fl:mohammed_ln:rodriguez-01247,Mohammed Rodriguez,JP
fl:pierre_ln:tanaka-01248,Pierre Tanaka,US
fl:isabella_ln:müller-01249,Isabella Müller,
fl:giulia_ln:martin-01250,Giulia Martin,
fl:olivia_ln:ivanov-01251,Olivia Ivanov,
fl:sofia_ln:johnson-01252,Sofia Johnson,
fl:emma_ln:anderson-01253,Emma Anderson,KR
fl:pierre_ln:dupont-01254,Pierre Dupont,US
fl:jin_ln:garcia-01255,Jin Garcia,
fl:greta_ln:park-01256,Greta Park,US
fl:kenji_ln:esposito-01257,Kenji Esposito,US
fl:camille_ln:zhang-01258,Camille Zhang,CN
fl:liu_ln:suzuki-01259,Liu Suzuki,
fl:camille_ln:sato-01260,Camille Sato,KR
fl:olivia_ln:schmidt-01261,Olivia Schmidt,GB
fl:giulia_ln:ferrari-01262,Giulia Ferrari,US
fl:hans_ln:ahmed-01263,Hans Ahmed,US
fl:anika_ln:brown-01264,Anika Brown,
fl:alice_ln:yamamoto-01265,Alice Yamamoto,JP
fl:greta_ln:garcia-01266,Greta Garcia,US
fl:oliver_ln:tanaka-01267,Oliver Tanaka,JP
fl:min_ln:wang-01268,Min Wang,
fl:santosh_ln:ali-01269,Santosh Ali,
fl:seo-yun_ln:kim-01270,Seo-yun Kim,GB
fl:ahmed_ln:schmidt-01271,Ahmed Schmidt,IN
fl:jin_ln:conti-01272,Jin Conti,
fl:aisha_ln:ali-01273,Aisha Ali,
fl:chen_ln:müller-01274,Chen Müller,US
fl:min_ln:park-01275,Min Park,US
fl:fatima_ln:conti-01276,Fatima Conti,
fl:natasha_ln:yamamoto-01277,Natasha Yamamoto,US
fl:carlos_ln:khan-01278,Carlos Khan,
fl:rajesh_ln:dupont-01279,Rajesh Dupont,CN
fl:isabella_ln:müller-01280,Isabella Müller,DE
fl:chen_ln:ferrari-01281,Chen Ferrari,
fl:aisha_ln:ali-01282,Aisha Ali,KR
fl:anika_ln:schmidt-01283,Anika Schmidt,
fl:liu_ln:park-01284,Liu Park,US
fl:camille_ln:martin-01285,Camille Martin,NL
fl:amelia_ln:li-01286,Amelia Li,CN
fl:kenji_ln:johnson-01287,Kenji Johnson,KR
fl:chen_ln:müller-01288,Chen Müller,
fl:luca_ln:suzuki-01289,Luca Suzuki,
fl:aisha_ln:johnson-01290,Aisha Johnson,US
fl:oliver_ln:martin-01291,Oliver Martin,CN
fl:luca_ln:hassan-01292,Luca Hassan,
fl:aisha_ln:rodriguez-01293,Aisha Rodriguez,CN
fl:priya_ln:tanaka-01294,Priya Tanaka,
fl:camille_ln:rodriguez-01295,Camille Rodriguez,US
fl:alice_ln:miller-01296,Alice Miller,US
fl:kenji_ln:johnson-01297,Kenji Johnson,US
fl:sakura_ln:gupta-01298,Sakura Gupta,CN
fl:kenji_ln:johnson-01299,Kenji Johnson,CN
fl:kenji_ln:brown-01300,Kenji Brown,CN
fl:liu_ln:müller-01301,Liu Müller,
fl:santosh_ln:chen-01302,Santosh Chen,KR
fl:liu_ln:park-01303,Liu Park,US
fl:ivan_ln:tanaka-01304,Ivan Tanaka,SE
fl:giulia_ln:martin-01305,Giulia Martin,JP
fl:liam_ln:petrov-01306,Liam Petrov,US
fl:yuki_ln:tanaka-01307,Yuki Tanaka,JP
fl:oliver_ln:conti-01308,Oliver Conti,US
fl:wei_ln:sharma-01309,Wei Sharma,
fl:liu_ln:petrov-01310,Liu Petrov,
fl:kenji_ln:sharma-01311,Kenji Sharma,US
fl:marco_ln:taylor-01312,Marco Taylor,
fl:john_ln:tanaka-01313,John Tanaka,JP
fl:ivan_ln:ivanov-01314,Ivan Ivanov,US
fl:fatima_ln:taylor-01315,Fatima Taylor,US
fl:natasha_ln:conti-01316,Natasha Conti,US
fl:camille_ln:rossi-01317,Camille Rossi,IN
fl:liu_ln:taylor-01318,Liu Taylor,US
fl:isabella_ln:patel-01319,Isabella Patel,
fl:camille_ln:patel-01320,Camille Patel,KR
fl:john_ln:li-01321,John Li,CN
fl:priya_ln:tanaka-01322,Priya Tanaka,JP
fl:priya_ln:garcia-01323,Priya Garcia,US
fl:hans_ln:garcia-01324,Hans Garcia,
fl:oliver_ln:conti-01325,Oliver Conti,CN
fl:priya_ln:kim-01326,Priya Kim,
fl:olivia_ln:dupont-01327,Olivia Dupont,CN
fl:marco_ln:kumar-01328,Marco Kumar,DE
fl:amelia_ln:yamamoto-01329,Amelia Yamamoto,IN
fl:ahmed_ln:suzuki-01330,Ahmed Suzuki,US
fl:kenji_ln:yamamoto-01331,Kenji Yamamoto,JP
fl:ahmed_ln:zhang-01332,Ahmed Zhang,US
fl:oliver_ln:zhang-01333,Oliver Zhang,US
fl:natasha_ln:rossi-01334,Natasha Rossi,
fl:emma_ln:miller-01335,Emma Miller,US
fl:santosh_ln:anderson-01336,Santosh Anderson,CN
fl:mohammed_ln:suzuki-01337,Mohammed Suzuki,US
fl:natasha_ln:garcia-01338,Natasha Garcia,
fl:ivan_ln:tanaka-01339,Ivan Tanaka,US
fl:fatima_ln:rossi-01340,Fatima Rossi,NL
fl:sakura_ln:taylor-01341,Sakura Taylor,US
fl:giulia_ln:ferrari-01342,Giulia Ferrari,FR
fl:aisha_ln:patel-01343,Aisha Patel,KR
fl:sofia_ln:yamamoto-01344,Sofia Yamamoto,IN
fl:carlos_ln:tanaka-01345,Carlos Tanaka,NL
fl:camille_ln:martin-01346,Camille Martin,CN
fl:mohammed_ln:khan-01347,Mohammed Khan,IN
fl:oliver_ln:esposito-01348,Oliver Esposito,
fl:john_ln:schmidt-01349,John Schmidt,US
fl:yuki_ln:ahmed-01350,Yuki Ahmed,CN
fl:mohammed_ln:müller-01351,Mohammed Müller,GB
fl:giulia_ln:taylor-01352,Giulia Taylor,FR
fl:hiroshi_ln:ferrari-01353,Hiroshi Ferrari,
fl:isabella_ln:zhang-01354,Isabella Zhang,CN
fl:yuki_ln:dupont-01355,Yuki Dupont,FR
fl:santosh_ln:dupont-01356,Santosh Dupont,
fl:jin_ln:kumar-01357,Jin Kumar,
fl:yuki_ln:chen-01358,Yuki Chen,US
fl:marco_ln:ahmed-01359,Marco Ahmed,
fl:luca_ln:miller-01360,Luca Miller,
fl:camille_ln:anderson-01361,Camille Anderson,CN
fl:anika_ln:esposito-01362,Anika Esposito,US
fl:isabella_ln:brown-01363,Isabella Brown,CN
fl:sakura_ln:brown-01364,Sakura Brown,US
fl:hiroshi_ln:petrov-01365,Hiroshi Petrov,US
fl:yuki_ln:suzuki-01366,Yuki Suzuki,IN
fl:yuki_ln:ferrari-01367,Yuki Ferrari,
fl:ivan_ln:yamamoto-01368,Ivan Yamamoto,US
fl:sofia_ln:petrov-01369,Sofia Petrov,SE
fl:liu_ln:ahmed-01370,Liu Ahmed,
fl:noah_ln:kim-01371,Noah Kim,US
fl:hans_ln:kumar-01372,Hans Kumar,
fl:camille_ln:dupont-01373,Camille Dupont,
fl:liu_ln:hassan-01374,Liu Hassan,US
fl:mohammed_ln:ivanov-01375,Mohammed Ivanov,CN
fl:aisha_ln:schmidt-01376,Aisha Schmidt,DE
fl:jin_ln:schmidt-01377,Jin Schmidt,US
fl:kenji_ln:ahmed-01378,Kenji Ahmed,US
fl:fatima_ln:hassan-01379,Fatima Hassan,FR
fl:hans_ln:patel-01380,Hans Patel,CN
fl:natasha_ln:ali-01381,Natasha Ali,CN
fl:jin_ln:sharma-01382,Jin Sharma,
fl:chen_ln:sato-01383,Chen Sato,CN
fl:liu_ln:park-01384,Liu Park,
fl:sakura_ln:zhang-01385,Sakura Zhang,
fl:mohammed_ln:miller-01386,Mohammed Miller,
fl:sofia_ln:gupta-01387,Sofia Gupta,
fl:liu_ln:ali-01388,Liu Ali,DE
fl:emma_ln:rodriguez-01389,Emma Rodriguez,US
fl:liam_ln:li-01390,Liam Li,
fl:seo-yun_ln:gupta-01391,Seo-yun Gupta,CN
fl:hiroshi_ln:park-01392,Hiroshi Park,CN
fl:liu_ln:taylor-01393,Liu Taylor,US
fl:rajesh_ln:sato-01394,Rajesh Sato,US
fl:mohammed_ln:zhang-01395,Mohammed Zhang,US
fl:kenji_ln:li-01396,Kenji Li,CN
fl:amelia_ln:dupont-01397,Amelia Dupont,
fl:yuki_ln:khan-01398,Yuki Khan,
fl:luca_ln:sato-01399,Luca Sato,CN
fl:olivia_ln:chen-01400,Olivia Chen,
fl:giulia_ln:davis-01401,Giulia Davis,
fl:kenji_ln:smith-01402,Kenji Smith,CN
fl:luca_ln:taylor-01403,Luca Taylor,JP
fl:ahmed_ln:wilson-01404,Ahmed Wilson,CN
fl:chen_ln:müller-01405,Chen Müller,
fl:mohammed_ln:davis-01406,Mohammed Davis,CN
fl:natasha_ln:khan-01407,Natasha Khan,
fl:giulia_ln:rodriguez-01408,Giulia Rodriguez,US
fl:kenji_ln:ferrari-01409,Kenji Ferrari,US
fl:ivan_ln:ivanov-01410,Ivan Ivanov,
fl:amelia_ln:martin-01411,Amelia Martin,CN
fl:sakura_ln:conti-01412,Sakura Conti,US
fl:natasha_ln:conti-01413,Natasha Conti,CN
fl:wei_ln:patel-01414,Wei Patel,
fl:santosh_ln:conti-01415,Santosh Conti,FR
fl:pierre_ln:suzuki-01416,Pierre Suzuki,CN
fl:seo-yun_ln:tanaka-01417,Seo-yun Tanaka,US
fl:carlos_ln:tanaka-01418,Carlos Tanaka,GB
fl:priya_ln:park-01419,Priya Park,
fl:yuki_ln:smith-01420,Yuki Smith,
fl:pierre_ln:johnson-01421,Pierre Johnson,GB
fl:greta_ln:ferrari-01422,Greta Ferrari,CN
fl:kenji_ln:yamamoto-01423,Kenji Yamamoto,
fl:greta_ln:li-01424,Greta Li,CN
fl:pierre_ln:yamamoto-01425,Pierre Yamamoto,
fl:sofia_ln:kim-01426,Sofia Kim,US
fl:liam_ln:chen-01427,Liam Chen,GB
fl:liam_ln:tanaka-01428,Liam Tanaka,
fl:liu_ln:tanaka-01429,Liu Tanaka,CN
fl:hiroshi_ln:martin-01430,Hiroshi Martin,US
fl:noah_ln:ferrari-01431,Noah Ferrari,
fl:ivan_ln:garcia-01432,Ivan Garcia,CN
fl:min_ln:rodriguez-01433,Min Rodriguez,KR
fl:min_ln:ahmed-01434,Min Ahmed,US
fl:priya_ln:ivanov-01435,Priya Ivanov,CN
fl:min_ln:ferrari-01436,Min Ferrari,US
fl:sakura_ln:kim-01437,Sakura Kim,US
fl:aisha_ln:anderson-01438,Aisha Anderson,CN
fl:john_ln:gupta-01439,John Gupta,IN
fl:camille_ln:miller-01440,Camille Miller,JP
fl:priya_ln:schmidt-01441,Priya Schmidt,KR
fl:marco_ln:conti-01442,Marco Conti,CN
fl:liam_ln:sato-01443,Liam Sato,US
fl:ahmed_ln:ivanov-01444,Ahmed Ivanov,US
fl:pierre_ln:rossi-01445,Pierre Rossi,US
fl:giulia_ln:martin-01446,Giulia Martin,US
fl:giulia_ln:müller-01447,Giulia Müller,KR
fl:ahmed_ln:conti-01448,Ahmed Conti,CN
fl:seo-yun_ln:ferrari-01449,Seo-yun Ferrari,
fl:john_ln:ahmed-01450,John Ahmed,
fl:marco_ln:kim-01451,Marco Kim,US
fl:aisha_ln:davis-01452,Aisha Davis,US
fl:chen_ln:hassan-01453,Chen Hassan,
fl:marco_ln:ali-01454,Marco Ali,
fl:santosh_ln:khan-01455,Santosh Khan,
fl:mohammed_ln:müller-01456,Mohammed Müller,CN
fl:luca_ln:khan-01457,Luca Khan,US
fl:natasha_ln:kumar-01458,Natasha Kumar,DE
fl:seo-yun_ln:rodriguez-01459,Seo-yun Rodriguez,US
fl:noah_ln:petrov-01460,Noah Petrov,GB
fl:isabella_ln:ivanov-01461,Isabella Ivanov,US
fl:ivan_ln:ahmed-01462,Ivan Ahmed,
fl:amelia_ln:park-01463,Amelia Park,US
fl:luca_ln:rossi-01464,Luca Rossi,
fl:min_ln:smith-01465,Min Smith,GB
fl:hans_ln:rossi-01466,Hans Rossi,FR
fl:alice_ln:kumar-01467,Alice Kumar,US
fl:greta_ln:martin-01468,Greta Martin,SE
fl:hiroshi_ln:khan-01469,Hiroshi Khan,US
fl:giulia_ln:khan-01470,Giulia Khan,TW
fl:emma_ln:johnson-01471,Emma Johnson,US
fl:noah_ln:garcia-01472,Noah Garcia,US
fl:oliver_ln:suzuki-01473,Oliver Suzuki,
fl:amelia_ln:conti-01474,Amelia Conti,CN
fl:isabella_ln:ahmed-01475,Isabella Ahmed,GB
fl:camille_ln:johnson-01476,Camille Johnson,CN
fl:hans_ln:martin-01477,Hans Martin,GB
fl:ivan_ln:taylor-01478,Ivan Taylor,US
fl:marco_ln:sato-01479,Marco Sato,IN
fl:sakura_ln:ali-01480,Sakura Ali,
fl:emma_ln:anderson-01481,Emma Anderson,US
fl:chen_ln:hassan-01482,Chen Hassan,
fl:olivia_ln:rossi-01483,Olivia Rossi,
fl:alice_ln:tanaka-01484,Alice Tanaka,CN
fl:hiroshi_ln:sato-01485,Hiroshi Sato,CN
fl:ivan_ln:patel-01486,Ivan Patel,FR
fl:mohammed_ln:hassan-01487,Mohammed Hassan,CN
fl:priya_ln:esposito-01488,Priya Esposito,GB
fl:giulia_ln:ali-01489,Giulia Ali,JP
fl:luca_ln:davis-01490,Luca Davis,US
fl:liu_ln:tanaka-01491,Liu Tanaka,
fl:liu_ln:khan-01492,Liu Khan,CN
fl:chen_ln:kim-01493,Chen Kim,US
fl:fatima_ln:wilson-01494,Fatima Wilson,JP
fl:rajesh_ln:müller-01495,Rajesh Müller,CN
fl:olivia_ln:kumar-01496,Olivia Kumar,CN
fl:giulia_ln:martin-01497,Giulia Martin,US
fl:olivia_ln:chen-01498,Olivia Chen,US
fl:john_ln:li-01499,John Li,
fl:marco_ln:chen-01500,Marco Chen,US
fl:sofia_ln:dupont-01501,Sofia Dupont,CN
fl:hiroshi_ln:garcia-01502,Hiroshi Garcia,CA
fl:fatima_ln:conti-01503,Fatima Conti,IN
fl:santosh_ln:anderson-01504,Santosh Anderson,CN
fl:amelia_ln:gupta-01505,Amelia Gupta,NL
fl:liu_ln:li-01506,Liu Li,US
fl:john_ln:wilson-01507,John Wilson,CN
fl:marco_ln:petrov-01508,Marco Petrov,JP
fl:ahmed_ln:wang-01509,Ahmed Wang,JP
fl:chen_ln:esposito-01510,Chen Esposito,
fl:liam_ln:park-01511,Liam Park,US
fl:carlos_ln:rossi-01512,Carlos Rossi,CN
fl:anika_ln:gupta-01513,Anika Gupta,
fl:isabella_ln:zhang-01514,Isabella Zhang,JP
fl:pierre_ln:ahmed-01515,Pierre Ahmed,FR
fl:liam_ln:gupta-01516,Liam Gupta,IN
fl:hiroshi_ln:martin-01517,Hiroshi Martin,US
fl:yuki_ln:rodriguez-01518,Yuki Rodriguez,US
fl:sofia_ln:miller-01519,Sofia Miller,GB
fl:natasha_ln:zhang-01520,Natasha Zhang,
fl:chen_ln:zhang-01521,Chen Zhang,CN
fl:yuki_ln:kim-01522,Yuki Kim,
fl:anika_ln:kumar-01523,Anika Kumar,JP
fl:ahmed_ln:müller-01524,Ahmed Müller,
fl:pierre_ln:ali-01525,Pierre Ali,CN
fl:anika_ln:yamamoto-01526,Anika Yamamoto,US
fl:priya_ln:ivanov-01527,Priya Ivanov,JP
fl:john_ln:johnson-01528,John Johnson,CN
fl:jin_ln:chen-01529,Jin Chen,US
fl:john_ln:kumar-01530,John Kumar,US
fl:giulia_ln:rodriguez-01531,Giulia Rodriguez,US
fl:wei_ln:esposito-01532,Wei Esposito,
fl:rajesh_ln:dupont-01533,Rajesh Dupont,
fl:fatima_ln:müller-01534,Fatima Müller,
fl:noah_ln:petrov-01535,Noah Petrov,US
fl:liu_ln:esposito-01536,Liu Esposito,CN
fl:alice_ln:dupont-01537,Alice Dupont,CN
fl:emma_ln:zhang-01538,Emma Zhang,US
fl:ivan_ln:chen-01539,Ivan Chen,
fl:sakura_ln:kim-01540,Sakura Kim,
fl:hans_ln:müller-01541,Hans Müller,CN
fl:seo-yun_ln:taylor-01542,Seo-yun Taylor,
fl:yuki_ln:kumar-01543,Yuki Kumar,JP
fl:john_ln:kim-01544,John Kim,CN
fl:seo-yun_ln:suzuki-01545,Seo-yun Suzuki,US
fl:chen_ln:rodriguez-01546,Chen Rodriguez,
fl:sofia_ln:khan-01547,Sofia Khan,
fl:min_ln:rodriguez-01548,Min Rodriguez,US
fl:min_ln:anderson-01549,Min Anderson,US
fl:mohammed_ln:ali-01550,Mohammed Ali,CN
fl:camille_ln:hassan-01551,Camille Hassan,GB
fl:alice_ln:esposito-01552,Alice Esposito,US
fl:greta_ln:wang-01553,Greta Wang,US
fl:rajesh_ln:park-01554,Rajesh Park,US
fl:liu_ln:ferrari-01555,Liu Ferrari,US
fl:emma_ln:ivanov-01556,Emma Ivanov,
fl:min_ln:patel-01557,Min Patel,
fl:wei_ln:conti-01558,Wei Conti,CN
fl:fatima_ln:ivanov-01559,Fatima Ivanov,IN
fl:isabella_ln:tanaka-01560,Isabella Tanaka,
fl:aisha_ln:sato-01561,Aisha Sato,US
fl:mohammed_ln:dupont-01562,Mohammed Dupont,
fl:anika_ln:li-01563,Anika Li,US
fl:anika_ln:rodriguez-01564,Anika Rodriguez,
fl:greta_ln:dupont-01565,Greta Dupont,CN
fl:mohammed_ln:hassan-01566,Mohammed Hassan,JP
fl:sakura_ln:smith-01567,Sakura Smith,US
fl:liu_ln:martin-01568,Liu Martin,US
fl:chen_ln:taylor-01569,Chen Taylor,US
fl:carlos_ln:ferrari-01570,Carlos Ferrari,
fl:marco_ln:garcia-01571,Marco Garcia,
fl:luca_ln:hassan-01572,Luca Hassan,CN
fl:ahmed_ln:li-01573,Ahmed Li,US
fl:ivan_ln:ahmed-01574,Ivan Ahmed,US
fl:olivia_ln:sharma-01575,Olivia Sharma,CN
fl:carlos_ln:zhang-01576,Carlos Zhang,US
fl:carlos_ln:conti-01577,Carlos Conti,US
fl:luca_ln:gupta-01578,Luca Gupta,CN
fl:fatima_ln:müller-01579,Fatima Müller,JP
fl:greta_ln:müller-01580,Greta Müller,DE
fl:ivan_ln:petrov-01581,Ivan Petrov,CN
fl:mohammed_ln:zhang-01582,Mohammed Zhang,CN
fl:carlos_ln:ferrari-01583,Carlos Ferrari,
fl:santosh_ln:esposito-01584,Santosh Esposito,
fl:oliver_ln:wilson-01585,Oliver Wilson,KR
fl:amelia_ln:suzuki-01586,Amelia Suzuki,
fl:amelia_ln:ahmed-01587,Amelia Ahmed,JP
fl:hans_ln:rossi-01588,Hans Rossi,US
fl:pierre_ln:suzuki-01589,Pierre Suzuki,CN
fl:ahmed_ln:rodriguez-01590,Ahmed Rodriguez,
fl:fatima_ln:schmidt-01591,Fatima Schmidt,JP
fl:oliver_ln:kumar-01592,Oliver Kumar,
fl:wei_ln:garcia-01593,Wei Garcia,
fl:seo-yun_ln:esposito-01594,Seo-yun Esposito,
fl:liu_ln:brown-01595,Liu Brown,
fl:ahmed_ln:ferrari-01596,Ahmed Ferrari,DE
fl:ahmed_ln:dupont-01597,Ahmed Dupont,US
fl:marco_ln:chen-01598,Marco Chen,
fl:hans_ln:rodriguez-01599,Hans Rodriguez,US
fl:mohammed_ln:kim-01600,Mohammed Kim,CN
fl:giulia_ln:chen-01601,Giulia Chen,GB
fl:luca_ln:suzuki-01602,Luca Suzuki,CN
fl:pierre_ln:yamamoto-01603,Pierre Yamamoto,
fl:olivia_ln:müller-01604,Olivia Müller,US
fl:hans_ln:kim-01605,Hans Kim,US
fl:mohammed_ln:brown-01606,Mohammed Brown,JP
fl:yuki_ln:garcia-01607,Yuki Garcia,US
fl:hiroshi_ln:zhang-01608,Hiroshi Zhang,GB
fl:emma_ln:patel-01609,Emma Patel,CN
fl:emma_ln:johnson-01610,Emma Johnson,CA
fl:isabella_ln:tanaka-01611,Isabella Tanaka,
fl:jin_ln:ahmed-01612,Jin Ahmed,JP
fl:noah_ln:hassan-01613,Noah Hassan,CN
fl:rajesh_ln:ivanov-01614,Rajesh Ivanov,US
fl:yuki_ln:garcia-01615,Yuki Garcia,
fl:alice_ln:miller-01616,Alice Miller,
fl:mohammed_ln:yamamoto-01617,Mohammed Yamamoto,
fl:chen_ln:sato-01618,Chen Sato,
fl:sofia_ln:esposito-01619,Sofia Esposito,JP
fl:alice_ln:rodriguez-01620,Alice Rodriguez,
fl:seo-yun_ln:tanaka-01621,Seo-yun Tanaka,CN
fl:ahmed_ln:rodriguez-01622,Ahmed Rodriguez,CN
fl:mohammed_ln:yamamoto-01623,Mohammed Yamamoto,US
fl:natasha_ln:zhang-01624,Natasha Zhang,GB
fl:amelia_ln:petrov-01625,Amelia Petrov,
fl:liam_ln:petrov-01626,Liam Petrov,US
fl:hiroshi_ln:garcia-01627,Hiroshi Garcia,
fl:olivia_ln:martin-01628,Olivia Martin,CN
fl:oliver_ln:ahmed-01629,Oliver Ahmed,US
fl:santosh_ln:garcia-01630,Santosh Garcia,US
fl:marco_ln:davis-01631,Marco Davis,DE
fl:fatima_ln:petrov-01632,Fatima Petrov,US
fl:pierre_ln:esposito-01633,Pierre Esposito,CN
fl:pierre_ln:patel-01634,Pierre Patel,JP
fl:marco_ln:sharma-01635,Marco Sharma,US
fl:camille_ln:taylor-01636,Camille Taylor,TW
fl:jin_ln:gupta-01637,Jin Gupta,US
fl:john_ln:suzuki-01638,John Suzuki,US
fl:chen_ln:anderson-01639,Chen Anderson,
fl:mohammed_ln:zhang-01640,Mohammed Zhang,
fl:jin_ln:li-01641,Jin Li,GB
fl:hiroshi_ln:rossi-01642,Hiroshi Rossi,KR
fl:sofia_ln:anderson-01643,Sofia Anderson,JP
fl:mohammed_ln:chen-01644,Mohammed Chen,CN
fl:natasha_ln:kim-01645,Natasha Kim,
fl:rajesh_ln:zhang-01646,Rajesh Zhang,US
fl:wei_ln:patel-01647,Wei Patel,US
fl:ivan_ln:rodriguez-01648,Ivan Rodriguez,
fl:amelia_ln:patel-01649,Amelia Patel,KR
fl:min_ln:ali-01650,Min Ali,US
fl:aisha_ln:zhang-01651,Aisha Zhang,
fl:alice_ln:zhang-01652,Alice Zhang,FR
fl:yuki_ln:garcia-01653,Yuki Garcia,
fl:oliver_ln:anderson-01654,Oliver Anderson,
fl:rajesh_ln:hassan-01655,Rajesh Hassan,DE
fl:sakura_ln:park-01656,Sakura Park,US
fl:fatima_ln:davis-01657,Fatima Davis,CN
fl:yuki_ln:conti-01658,Yuki Conti,CN
fl:isabella_ln:rossi-01659,Isabella Rossi,US
fl:alice_ln:miller-01660,Alice Miller,
fl:santosh_ln:yamamoto-01661,Santosh Yamamoto,US
fl:noah_ln:martin-01662,Noah Martin,
fl:liu_ln:sato-01663,Liu Sato,US
fl:liu_ln:wang-01664,Liu Wang,CN
fl:kenji_ln:ferrari-01665,Kenji Ferrari,DE
fl:natasha_ln:johnson-01666,Natasha Johnson,JP
fl:hans_ln:kim-01667,Hans Kim,GB
fl:sofia_ln:garcia-01668,Sofia Garcia,
fl:hans_ln:hassan-01669,Hans Hassan,JP
fl:greta_ln:kim-01670,Greta Kim,US
fl:liam_ln:ali-01671,Liam Ali,
fl:mohammed_ln:conti-01672,Mohammed Conti,CN
fl:wei_ln:garcia-01673,Wei Garcia,JP
fl:oliver_ln:garcia-01674,Oliver Garcia,CN
fl:priya_ln:sharma-01675,Priya Sharma,KR
fl:sakura_ln:garcia-01676,Sakura Garcia,US
fl:amelia_ln:chen-01677,Amelia Chen,
fl:seo-yun_ln:ahmed-01678,Seo-yun Ahmed,
fl:priya_ln:yamamoto-01679,Priya Yamamoto,SE
fl:fatima_ln:davis-01680,Fatima Davis,
fl:alice_ln:conti-01681,Alice Conti,
fl:emma_ln:rodriguez-01682,Emma Rodriguez,
fl:greta_ln:yamamoto-01683,Greta Yamamoto,JP
fl:alice_ln:brown-01684,Alice Brown,
fl:sakura_ln:ferrari-01685,Sakura Ferrari,CN
fl:alice_ln:rossi-01686,Alice Rossi,US
fl:emma_ln:anderson-01687,Emma Anderson,DE
fl:camille_ln:dupont-01688,Camille Dupont,CN
fl:natasha_ln:brown-01689,Natasha Brown,US
fl:noah_ln:petrov-01690,Noah Petrov,JP
fl:fatima_ln:ivanov-01691,Fatima Ivanov,
fl:seo-yun_ln:müller-01692,Seo-yun Müller,
fl:santosh_ln:taylor-01693,Santosh Taylor,
fl:mohammed_ln:schmidt-01694,Mohammed Schmidt,
fl:sakura_ln:wilson-01695,Sakura Wilson,US
fl:marco_ln:tanaka-01696,Marco Tanaka,SE
fl:rajesh_ln:davis-01697,Rajesh Davis,
fl:mohammed_ln:johnson-01698,Mohammed Johnson,GB
fl:hans_ln:rodriguez-01699,Hans Rodriguez,US
fl:noah_ln:chen-01700,Noah Chen,US
fl:rajesh_ln:ferrari-01701,Rajesh Ferrari,
fl:seo-yun_ln:johnson-01702,Seo-yun Johnson,
fl:amelia_ln:ivanov-01703,Amelia Ivanov,CN
fl:alice_ln:petrov-01704,Alice Petrov,US
fl:seo-yun_ln:kim-01705,Seo-yun Kim,FR
fl:priya_ln:hassan-01706,Priya Hassan,TW
fl:seo-yun_ln:suzuki-01707,Seo-yun Suzuki,US
fl:olivia_ln:kim-01708,Olivia Kim,US
fl:giulia_ln:rodriguez-01709,Giulia Rodriguez,GB
fl:sofia_ln:wang-01710,Sofia Wang,CN
fl:ivan_ln:esposito-01711,Ivan Esposito,CN
fl:min_ln:rodriguez-01712,Min Rodriguez,GB
fl:sakura_ln:zhang-01713,Sakura Zhang,JP
fl:rajesh_ln:smith-01714,Rajesh Smith,
fl:emma_ln:sato-01715,Emma Sato,
fl:marco_ln:garcia-01716,Marco Garcia,
fl:chen_ln:dupont-01717,Chen Dupont,
fl:santosh_ln:rossi-01718,Santosh Rossi,GB
fl:isabella_ln:wilson-01719,Isabella Wilson,GB
fl:priya_ln:conti-01720,Priya Conti,US
fl:pierre_ln:yamamoto-01721,Pierre Yamamoto,CN
fl:natasha_ln:kim-01722,Natasha Kim,CN
fl:olivia_ln:anderson-01723,Olivia Anderson,CN
fl:camille_ln:hassan-01724,Camille Hassan,SE
fl:luca_ln:petrov-01725,Luca Petrov,
fl:hans_ln:patel-01726,Hans Patel,
fl:alice_ln:müller-01727,Alice Müller,
fl:seo-yun_ln:park-01728,Seo-yun Park,US
fl:greta_ln:müller-01729,Greta Müller,JP
fl:giulia_ln:brown-01730,Giulia Brown,US
fl:liam_ln:kim-01731,Liam Kim,JP
fl:greta_ln:johnson-01732,Greta Johnson,US
fl:oliver_ln:ahmed-01733,Oliver Ahmed,FR
fl:wei_ln:müller-01734,Wei Müller,US
fl:alice_ln:esposito-01735,Alice Esposito,
fl:ivan_ln:wilson-01736,Ivan Wilson,US
fl:carlos_ln:kumar-01737,Carlos Kumar,GB
fl:ivan_ln:park-01738,Ivan Park,US
fl:emma_ln:esposito-01739,Emma Esposito,
fl:santosh_ln:ahmed-01740,Santosh Ahmed,US
fl:fatima_ln:garcia-01741,Fatima Garcia,US
fl:jin_ln:taylor-01742,Jin Taylor,CN
fl:camille_ln:miller-01743,Camille Miller,US
fl:amelia_ln:petrov-01744,Amelia Petrov,KR
fl:sofia_ln:chen-01745,Sofia Chen,
fl:santosh_ln:rodriguez-01746,Santosh Rodriguez,
fl:natasha_ln:khan-01747,Natasha Khan,CN
fl:jin_ln:khan-01748,Jin Khan,
fl:isabella_ln:conti-01749,Isabella Conti,KR
fl:pierre_ln:rodriguez-01750,Pierre Rodriguez,CN
fl:kenji_ln:smith-01751,Kenji Smith,
fl:olivia_ln:khan-01752,Olivia Khan,
fl:noah_ln:dupont-01753,Noah Dupont,JP
fl:alice_ln:wilson-01754,Alice Wilson,US
fl:isabella_ln:wilson-01755,Isabella Wilson,US
fl:min_ln:dupont-01756,Min Dupont,GB
fl:olivia_ln:ferrari-01757,Olivia Ferrari,US
fl:santosh_ln:wang-01758,Santosh Wang,CN
fl:noah_ln:sharma-01759,Noah Sharma,US
fl:seo-yun_ln:smith-01760,Seo-yun Smith,
fl:yuki_ln:rodriguez-01761,Yuki Rodriguez,US
fl:sakura_ln:davis-01762,Sakura Davis,CN
fl:greta_ln:suzuki-01763,Greta Suzuki,
fl:kenji_ln:johnson-01764,Kenji Johnson,CN
fl:mohammed_ln:gupta-01765,Mohammed Gupta,US
fl:liam_ln:smith-01766,Liam Smith,CN
fl:min_ln:esposito-01767,Min Esposito,US
fl:hiroshi_ln:martin-01768,Hiroshi Martin,
fl:liu_ln:sharma-01769,Liu Sharma,GB
fl:yuki_ln:ivanov-01770,Yuki Ivanov,
fl:liam_ln:suzuki-01771,Liam Suzuki,
fl:jin_ln:martin-01772,Jin Martin,US
fl:aisha_ln:conti-01773,Aisha Conti,TW
fl:rajesh_ln:petrov-01774,Rajesh Petrov,
fl:chen_ln:wilson-01775,Chen Wilson,SE
fl:chen_ln:davis-01776,Chen Davis,CA
fl:amelia_ln:rossi-01777,Amelia Rossi,CN
fl:carlos_ln:petrov-01778,Carlos Petrov,US
fl:pierre_ln:suzuki-01779,Pierre Suzuki,US
fl:hiroshi_ln:martin-01780,Hiroshi Martin,
fl:ivan_ln:schmidt-01781,Ivan Schmidt,US
fl:seo-yun_ln:esposito-01782,Seo-yun Esposito,JP
fl:natasha_ln:sato-01783,Natasha Sato,US
fl:santosh_ln:garcia-01784,Santosh Garcia,
fl:ahmed_ln:rodriguez-01785,Ahmed Rodriguez,JP
fl:aisha_ln:park-01786,Aisha Park,
fl:luca_ln:esposito-01787,Luca Esposito,CN
fl:pierre_ln:schmidt-01788,Pierre Schmidt,US
fl:giulia_ln:johnson-01789,Giulia Johnson,IN
fl:noah_ln:tanaka-01790,Noah Tanaka,
fl:min_ln:miller-01791,Min Miller,TW
fl:mohammed_ln:rossi-01792,Mohammed Rossi,US
fl:ahmed_ln:suzuki-01793,Ahmed Suzuki,
fl:ahmed_ln:brown-01794,Ahmed Brown,US
fl:hans_ln:johnson-01795,Hans Johnson,US
fl:luca_ln:rodriguez-01796,Luca Rodriguez,
fl:anika_ln:sharma-01797,Anika Sharma,
fl:oliver_ln:sharma-01798,Oliver Sharma,JP
fl:sakura_ln:taylor-01799,Sakura Taylor,US
