patent_id	inventor_id	location_id
11000000		loc-0142
11000000	fl:anika_ln:sato-00521	loc-0148
11000001	fl:santosh_ln:sharma-00094	loc-0084
11000001	fl:john_ln:martin-00310	loc-0036
11000001	fl:min_ln:smith-01194	loc-0144
11000001	fl:liam_ln:smith-00456	loc-0155
11000001	fl:alice_ln:kumar-00857	loc-0151
11000002	fl:alice_ln:garcia-00678	loc-0131
11000003	fl:emma_ln:kumar-01145	loc-0118
11000003	fl:liam_ln:garcia-00206	loc-0145
11000004	fl:alice_ln:gupta-00436	loc-0108
11000005	fl:hans_ln:sato-01189	loc-0191
11000005	fl:fatima_ln:rossi-01134	loc-0105
11000006	fl:chen_ln:kumar-00847	loc-0104
11000006	fl:noah_ln:dupont-01196	loc-0040
11000006	fl:rajesh_ln:park-01554	loc-0188
11000006	fl:priya_ln:johnson-00996	loc-0080
11000007	fl:rajesh_ln:zhang-00674	loc-0002
11000007	fl:kenji_ln:khan-00208	loc-0083
11000008	fl:oliver_ln:conti-01308	loc-0042
11000008	fl:santosh_ln:esposito-00979	loc-0102
11000009	fl:kenji_ln:li-01396	loc-0008
11000009	fl:amelia_ln:gupta-01505	loc-0122
11000010	fl:yuki_ln:tanaka-01307	loc-0148
11000010	fl:ahmed_ln:davis-00210	loc-0179
11000011	fl:oliver_ln:martin-01291	loc-0054
11000011	fl:hiroshi_ln:yamamoto-00784	loc-0055
11000012	fl:fatima_ln:patel-01204	loc-0114
11000012	fl:fatima_ln:martin-00518	loc-0082
11000012	fl:liam_ln:rodriguez-00912	loc-0079
11000013	fl:aisha_ln:sharma-00175	loc-0039
11000014	fl:fatima_ln:schmidt-01591	loc-0046
11000014	fl:oliver_ln:sato-00342	loc-0074
11000015	fl:sakura_ln:garcia-01174	loc-0010
11000015	fl:rajesh_ln:wilson-01235	loc-0192
11000015	fl:alice_ln:kumar-01467	loc-0183
11000015	fl:anika_ln:ali-00733	loc-0015
11000016	fl:min_ln:ali-00571	loc-0059
11000016	fl:ahmed_ln:ivanov-01199	loc-0081
11000017	fl:mohammed_ln:wilson-00069	loc-0094
11000017	fl:carlos_ln:zhang-00865	loc-0066
11000018	fl:giulia_ln:chen-01601	loc-0196
11000019	fl:greta_ln:yamamoto-00447	loc-0124
11000019	fl:amelia_ln:park-01463	loc-0185
11000019	fl:noah_ln:garcia-01472	loc-0065
11000020	fl:min_ln:schmidt-00347	loc-0103
11000020	fl:greta_ln:park-01256	loc-0151
11000020	fl:olivia_ln:rossi-01039	loc-0036
11000021	fl:hans_ln:tanaka-00060	loc-0043
11000021	fl:giulia_ln:ferrari-01262	loc-0163
11000022	fl:noah_ln:taylor-00422	loc-0134
11000023	fl:pierre_ln:ahmed-00252	loc-0104
11000023	fl:marco_ln:tanaka-00150	loc-0034
11000024	fl:luca_ln:garcia-00313	loc-0156
11000025	fl:hans_ln:yamamoto-01188	loc-0152
11000025	fl:natasha_ln:petrov-00161	loc-0022
11000026	fl:sofia_ln:tanaka-00609	loc-0049
11000027	fl:liu_ln:wang-00432	loc-0083
11000027	fl:amelia_ln:ivanov-00013	loc-0086
11000027	fl:ahmed_ln:sharma-00041	loc-0114
11000028	fl:sakura_ln:wilson-01695	loc-0064
11000028	fl:amelia_ln:khan-00486	loc-0037
11000029	fl:sakura_ln:conti-00860	loc-0018
11000029	fl:aisha_ln:kumar-00181	loc-0149
11000030	fl:seo-yun_ln:park-00846	loc-0040
11000030	fl:liu_ln:ferrari-01555	loc-0128
11000031	fl:aisha_ln:patel-00254	loc-0097
11000031	fl:kenji_ln:khan-00056	loc-0154
11000031	fl:ahmed_ln:dupont-01597	loc-0016
11000031	fl:greta_ln:ali-00039	loc-0010
11000032	fl:giulia_ln:chen-01601	loc-0181
11000033	fl:ahmed_ln:suzuki-00739	loc-0074
11000034	fl:yuki_ln:dupont-01223	loc-0158
11000034	fl:liam_ln:kumar-00585	loc-0045
11000034	fl:ahmed_ln:müller-01225	loc-0046
11000034	fl:luca_ln:hassan-00319	loc-0093
11000035	fl:kenji_ln:johnson-01764	loc-0180
11000035	fl:hiroshi_ln:patel-00948	loc-0140
11000035	fl:luca_ln:park-00491	loc-0016
11000036	fl:hiroshi_ln:park-01392	loc-0015
11000037	fl:seo-yun_ln:miller-00602	loc-0085
11000037	fl:isabella_ln:rossi-01659	loc-0144
11000037	fl:liu_ln:li-00584	loc-0151
11000038	fl:santosh_ln:yamamoto-01661	loc-0104
11000038	fl:isabella_ln:khan-00789	loc-0126
11000039	fl:alice_ln:wang-00441	loc-0005
11000040	fl:min_ln:tanaka-01124	loc-0173
11000040	fl:giulia_ln:brown-01730	loc-0018
11000040	fl:oliver_ln:rossi-00579	loc-0059
11000040	fl:liam_ln:kim-00217	loc-0115
11000040	fl:emma_ln:zhang-01538	loc-0144
11000041	fl:pierre_ln:wilson-00437	loc-0155
11000041	fl:amelia_ln:ivanov-00277	loc-0117
11000041	fl:mohammed_ln:kim-01600	loc-0004
11000041	fl:marco_ln:müller-00248	loc-0093
11000042	fl:seo-yun_ln:johnson-01103	loc-0101
11000043	fl:liu_ln:sharma-00378	loc-0128
11000044	fl:ivan_ln:hassan-00705	loc-0005
11000045	fl:anika_ln:conti-00029	loc-0065
11000045	fl:chen_ln:park-01159	loc-0158
11000046	fl:hans_ln:müller-00109	loc-0050
11000047	fl:oliver_ln:rodriguez-01059	loc-0035
11000047	fl:kenji_ln:ferrari-01665	loc-0168
11000047	fl:liu_ln:tanaka-01429	loc-0188
11000048	fl:mohammed_ln:suzuki-01337	loc-0127
11000049	fl:ivan_ln:ivanov-00648	loc-0058
11000050	fl:kenji_ln:wang-00269	loc-0138
11000050	fl:santosh_ln:martin-00233	loc-0155
11000050	fl:santosh_ln:wang-01758	loc-0028
11000050	fl:luca_ln:ahmed-00756	loc-0182
11000051	fl:greta_ln:dupont-00273	loc-0136
11000051	fl:sakura_ln:zhang-00053	loc-0023
11000051	fl:fatima_ln:wilson-00093	loc-0095
11000052	fl:mohammed_ln:park-00614	loc-0124
11000052	fl:mohammed_ln:park-00800	loc-0027
11000052	fl:priya_ln:brown-00010	loc-0053
11000052	fl:hiroshi_ln:ali-00304	loc-0076
11000053	fl:priya_ln:wang-00546	loc-0074
11000053	fl:seo-yun_ln:tanaka-01621	loc-0052
11000053	fl:jin_ln:sharma-00220	loc-0018
11000054	fl:oliver_ln:miller-00055	loc-0074
11000054	fl:john_ln:anderson-00564	loc-0140
11000055	fl:min_ln:yamamoto-00281	loc-0128
11000056	fl:sakura_ln:smith-01567	loc-0151
11000056	fl:carlos_ln:tanaka-01418	loc-0093
11000056	fl:olivia_ln:zhang-00164	loc-0106
11000057	fl:wei_ln:chen-01192	loc-0009
11000057	fl:sakura_ln:zhang-00976	loc-0191
11000057	fl:olivia_ln:martin-00198	loc-0091
11000058	fl:amelia_ln:li-00969	loc-0068
11000059	fl:kenji_ln:miller-01100	loc-0109
11000059	fl:yuki_ln:suzuki-01366	loc-0130
11000060	fl:camille_ln:johnson-00289	loc-0154
11000061	fl:kenji_ln:wang-00211	loc-0115
11000061	fl:john_ln:müller-00981	loc-0065
11000061	fl:carlos_ln:patel-00203	loc-0046
11000061	fl:pierre_ln:conti-00490	loc-0033
11000061	fl:chen_ln:ivanov-00340	loc-0009
11000062	fl:rajesh_ln:müller-01495	loc-0129
11000062	fl:rajesh_ln:zhang-00674	loc-0056
11000063	fl:camille_ln:zhang-00492	loc-0062
11000063	fl:alice_ln:gupta-00975	loc-0033
11000064	fl:liu_ln:li-00584	loc-0171
11000065	fl:priya_ln:conti-01720	loc-0029
11000065	fl:chen_ln:sato-01383	loc-0095
11000066	fl:seo-yun_ln:gupta-01391	loc-0126
11000066	fl:isabella_ln:rossi-00338	loc-0193
11000067	fl:min_ln:ali-01650	loc-0016
11000067	fl:chen_ln:taylor-01569	loc-0069
11000068	fl:mohammed_ln:ivanov-01375	loc-0114
11000068	fl:pierre_ln:dupont-01254	loc-0163
11000068	fl:olivia_ln:kim-01708	loc-0187
11000068	fl:min_ln:ferrari-01436	loc-0189
11000068	fl:seo-yun_ln:rodriguez-01459	loc-0137
11000069	fl:alice_ln:hassan-00250	loc-0039
11000069	fl:sakura_ln:anderson-00903	loc-0037
11000070	fl:kenji_ln:schmidt-01228	loc-0120
11000070	fl:ivan_ln:ahmed-01574	loc-0151
11000070	fl:camille_ln:davis-00763	loc-0119
11000070	fl:greta_ln:zhang-00177	loc-0108
11000071	fl:alice_ln:ali-00527	loc-0009
11000071	fl:hiroshi_ln:ali-00304	loc-0171
11000071	fl:liu_ln:hassan-01374	loc-0070
11000071	fl:alice_ln:smith-00114	loc-0171
11000071	fl:amelia_ln:anderson-00352	loc-0163
11000072	fl:mohammed_ln:ferrari-00990	loc-0117
11000072	fl:ivan_ln:wilson-01736	loc-0070
11000073	fl:john_ln:garcia-00652	loc-0179
11000073	fl:mohammed_ln:brown-01606	loc-0143
11000073	fl:priya_ln:garcia-01323	loc-0064
11000073	fl:sakura_ln:taylor-01799	loc-0061
11000074	fl:camille_ln:petrov-00779	loc-0026
11000074	fl:ahmed_ln:schmidt-01271	loc-0005
11000074	fl:alice_ln:rossi-01686	loc-0018
11000075	fl:greta_ln:müller-01580	loc-0013
11000076	fl:luca_ln:khan-01457	loc-0018
11000076	fl:natasha_ln:garcia-00011	loc-0065
11000077	fl:oliver_ln:miller-00055	loc-0094
11000077	fl:priya_ln:hassan-01706	loc-0006
11000077	fl:ahmed_ln:smith-00259	loc-0087
11000077	fl:santosh_ln:conti-00542	loc-0144
11000078	fl:seo-yun_ln:li-00727	loc-0137
11000079	fl:camille_ln:martin-01285	loc-0122
11000080	fl:ivan_ln:ali-01205	loc-0045
11000081	fl:mohammed_ln:khan-01347	loc-0189
11000081	fl:giulia_ln:davis-01057	loc-0072
11000082	fl:min_ln:hassan-00429	loc-0119
11000082	fl:oliver_ln:rodriguez-00588	loc-0186
11000082	fl:noah_ln:sharma-01759	loc-0006
11000083	fl:rajesh_ln:khan-00359	loc-0079
11000083	fl:mohammed_ln:müller-00940	loc-0094
11000084	fl:oliver_ln:ahmed-01733	loc-0077
11000084	fl:amelia_ln:patel-01649	loc-0078
11000084	fl:camille_ln:taylor-01636	loc-0094
11000085	fl:olivia_ln:suzuki-00223	loc-0131
11000085	fl:greta_ln:ferrari-00827	loc-0195
11000086	fl:fatima_ln:sharma-00119	loc-0191
11000086	fl:alice_ln:taylor-00399	loc-0057
11000087	fl:seo-yun_ln:dupont-00646	loc-0039
11000088	fl:amelia_ln:sharma-00809	loc-0088
11000089	fl:chen_ln:ahmed-00012	loc-0075
11000089	fl:liu_ln:tanaka-00118	loc-0048
11000089	fl:amelia_ln:davis-00770	loc-0194
11000090	fl:hiroshi_ln:ali-00304	loc-0080
11000090	fl:hiroshi_ln:ali-01022	loc-0077
11000090	fl:carlos_ln:sato-00651	loc-0166
11000091	fl:pierre_ln:chen-00128	loc-0177
11000091	fl:giulia_ln:martin-01305	loc-0006
11000092	fl:alice_ln:wilson-01754	loc-0185
11000092	fl:yuki_ln:conti-00761	loc-0190
11000092	fl:aisha_ln:conti-01084	loc-0034
11000093	fl:min_ln:sato-00791	loc-0191
11000093	fl:yuki_ln:ahmed-01350	loc-0011
11000094	fl:kenji_ln:ali-00411	loc-0021
11000095	fl:john_ln:wilson-00927	loc-0098
11000096	fl:luca_ln:taylor-00661	loc-0041
11000097	fl:carlos_ln:kumar-01737	loc-0010
11000097	fl:amelia_ln:ahmed-00121	loc-0103
11000097	fl:chen_ln:zhang-01521	loc-0180
11000097	fl:hiroshi_ln:johnson-00560	loc-0092
11000098	fl:yuki_ln:gupta-00302	loc-0137
11000098	fl:fatima_ln:yamamoto-01186	loc-0027
11000098	fl:pierre_ln:ferrari-00805	loc-0145
11000098	fl:ivan_ln:wilson-00942	loc-0186
11000098	fl:chen_ln:ivanov-00340	loc-0142
11000099	fl:emma_ln:miller-01335	loc-0133
11000099	fl:aisha_ln:anderson-00657	loc-0065
11000099	fl:noah_ln:davis-00227	loc-0129
11000099	fl:camille_ln:taylor-00773	loc-0077
11000100	fl:aisha_ln:kumar-00181	loc-0015
11000101	fl:yuki_ln:rodriguez-01761	loc-0145
11000102	fl:greta_ln:dupont-01565	loc-0190
11000103	fl:greta_ln:schmidt-00353	loc-0020
11000103	fl:min_ln:rodriguez-01548	loc-0104
11000103	fl:emma_ln:yamamoto-00886	loc-0187
11000104	fl:yuki_ln:park-00924	loc-0199
11000105	fl:ahmed_ln:brown-01794	loc-0045
11000106	fl:john_ln:johnson-01528	loc-0028
11000107	fl:hiroshi_ln:martin-01517	loc-0073
11000108	fl:hans_ln:sato-01189	loc-0055
11000108	fl:pierre_ln:rossi-00255	loc-0179
11000109	fl:camille_ln:wang-00591	loc-0117
11000109	fl:rajesh_ln:wang-00548	loc-0149
11000110	fl:sakura_ln:davis-01762	loc-0114
11000110	fl:mohammed_ln:johnson-00361	loc-0193
11000110	fl:natasha_ln:zhang-00410	loc-0023
11000110	fl:anika_ln:park-01156	loc-0093
11000110	fl:priya_ln:johnson-00996	loc-0085
11000111	fl:alice_ln:esposito-01552	loc-0136
11000111	fl:greta_ln:li-01424	loc-0026
11000112	fl:santosh_ln:garcia-01630	loc-0115
11000112	fl:oliver_ln:ahmed-00836	loc-0071
11000112	fl:alice_ln:dupont-01537	loc-0004
11000112	fl:oliver_ln:rodriguez-00588	loc-0103
11000113	fl:aisha_ln:conti-01084	loc-0021
11000114	fl:pierre_ln:chen-00128	loc-0096
11000114	fl:hans_ln:rossi-01466	loc-0121
11000114	fl:isabella_ln:ahmed-01475	loc-0072
11000114	fl:wei_ln:hassan-00690	loc-0096
11000115	fl:amelia_ln:rossi-01777	loc-0048
11000115	fl:priya_ln:schmidt-00028	loc-0151
11000116	fl:ahmed_ln:ahmed-00253	loc-0050
11000117	fl:greta_ln:johnson-01732	loc-0119
11000117	fl:hans_ln:patel-00137	loc-0019
11000118	fl:liam_ln:petrov-00299	loc-0000
11000118	fl:oliver_ln:kim-00388	loc-0142
11000119	fl:hiroshi_ln:hassan-00963	loc-0110
11000119	fl:isabella_ln:smith-01112	loc-0061
11000120	fl:aisha_ln:zhang-00783	loc-0035
11000120	fl:liu_ln:miller-01065	loc-0142
11000121	fl:aisha_ln:rodriguez-01293	loc-0015
11000122	fl:noah_ln:suzuki-00309	loc-0157
11000122	fl:hiroshi_ln:ali-00834	loc-0031
11000123	fl:olivia_ln:brown-00081	loc-0194
11000123	fl:mohammed_ln:rossi-01792	loc-0170
11000123	fl:ahmed_ln:li-01573	loc-0018
11000123	fl:jin_ln:sharma-00220	loc-0141
11000124	fl:olivia_ln:brown-00766	loc-0101
11000124	fl:min_ln:rodriguez-01548	loc-0132
11000125	fl:yuki_ln:dupont-01223	loc-0028
11000125	fl:oliver_ln:johnson-01241	loc-0037
11000126	fl:greta_ln:garcia-01266	loc-0000
11000126	fl:anika_ln:yamamoto-00930	loc-0029
11000127	fl:min_ln:sharma-00097	loc-0017
11000128	fl:liam_ln:schmidt-00240	loc-0009
11000128	fl:anika_ln:sato-00143	loc-0041
11000129	fl:aisha_ln:davis-01452	loc-0145
11000130	fl:anika_ln:müller-00182	loc-0078
11000131	fl:liam_ln:smith-00456	loc-0174
11000131	fl:carlos_ln:garcia-00562	loc-0067
11000132	fl:santosh_ln:chen-00267	loc-0143
11000132	fl:olivia_ln:li-00897	loc-0013
11000133	fl:isabella_ln:rossi-01659	loc-0011
11000133	fl:greta_ln:ivanov-00496	loc-0168
11000133	fl:olivia_ln:dupont-01327	loc-0025
11000134	fl:wei_ln:miller-00679	loc-0195
11000135	fl:sakura_ln:wang-00724	loc-0064
11000135	fl:priya_ln:brown-01197	loc-0057
11000135	fl:pierre_ln:wilson-00514	loc-0042
11000136	fl:emma_ln:garcia-00247	loc-0094
11000137	fl:alice_ln:davis-00840	loc-0184
11000137	fl:fatima_ln:schmidt-01591	loc-0008
11000138	fl:hans_ln:johnson-01211	loc-0048
11000138	fl:olivia_ln:wilson-00231	loc-0034
11000138	fl:mohammed_ln:anderson-00750	loc-0177
11000139	fl:jin_ln:kim-00088	loc-0034
11000139	fl:camille_ln:suzuki-00141	loc-0157
11000139	fl:priya_ln:sato-01198	loc-0082
11000139	fl:seo-yun_ln:anderson-01104	loc-0053
11000139	fl:mohammed_ln:müller-01456	loc-0147
11000140	fl:mohammed_ln:yamamoto-00987	loc-0003
11000140	fl:priya_ln:petrov-01041	loc-0133
11000141	fl:liam_ln:smith-01766	loc-0126
11000141	fl:ivan_ln:rodriguez-00395	loc-0059
11000141	fl:yuki_ln:schmidt-00070	loc-0062
11000141	fl:john_ln:ferrari-00082	loc-0104
11000141	fl:pierre_ln:chen-00128	loc-0016
11000142	fl:emma_ln:zhang-01113	loc-0198
11000143	fl:emma_ln:kumar-00381	loc-0181
11000144	fl:liam_ln:rossi-00048	loc-0150
11000144	fl:sofia_ln:smith-00825	loc-0024
11000144	fl:priya_ln:ivanov-01527	loc-0138
11000145	fl:min_ln:sato-00791	loc-0008
11000145	fl:giulia_ln:khan-00265	loc-0103
11000145	fl:yuki_ln:wilson-00880	loc-0186
11000146	fl:natasha_ln:ali-01381	loc-0053
11000146	fl:jin_ln:sharma-00220	loc-0091
11000147	fl:john_ln:wilson-01507	loc-0071
11000147	fl:isabella_ln:esposito-00740	loc-0028
11000148	fl:seo-yun_ln:conti-00566	loc-0113
11000148	fl:wei_ln:patel-01647	loc-0154
11000148	fl:priya_ln:davis-01096	loc-0138
11000148	fl:min_ln:anderson-00676	loc-0006
11000148	fl:anika_ln:yamamoto-01526	loc-0166
11000149	fl:pierre_ln:yamamoto-01721	loc-0107
11000149	fl:jin_ln:zhang-00371	loc-0061
11000150	fl:hiroshi_ln:conti-00669	loc-0134
11000151	fl:oliver_ln:davis-01093	loc-0194
11000152	fl:seo-yun_ln:johnson-00242	loc-0141
11000153	fl:hiroshi_ln:khan-01469	loc-0139
11000153	fl:emma_ln:yamamoto-01009	loc-0065
11000153	fl:amelia_ln:davis-00272	loc-0025
11000153	fl:priya_ln:ahmed-01092	loc-0026
11000154	fl:isabella_ln:khan-00789	loc-0085
11000155	fl:anika_ln:sato-00003	loc-0093
11000155	fl:marco_ln:esposito-01118	loc-0175
11000155	fl:noah_ln:petrov-01690	loc-0022
11000156	fl:emma_ln:sato-00482	loc-0035
11000156	fl:kenji_ln:johnson-01297	loc-0042
11000157	fl:santosh_ln:sato-01072	loc-0196
11000158	fl:oliver_ln:zhang-01333	loc-0081
11000158	fl:santosh_ln:ahmed-00550	loc-0196
11000158	fl:olivia_ln:kumar-01496	loc-0107
11000158	fl:rajesh_ln:ivanov-00034	loc-0017
11000159	fl:hiroshi_ln:anderson-00077	loc-0018
11000159	fl:rajesh_ln:brown-00618	loc-0065
11000160	fl:seo-yun_ln:anderson-01104	loc-0159
11000160	fl:yuki_ln:miller-00936	loc-0100
11000160	fl:alice_ln:rossi-00245	loc-0013
11000160	fl:camille_ln:rodriguez-01141	loc-0155
11000160	fl:luca_ln:kim-00334	loc-0065
11000161	fl:min_ln:smith-00260	loc-0078
11000161	fl:giulia_ln:martin-01497	loc-0187
11000162	fl:amelia_ln:li-00969	loc-0160
11000162	fl:yuki_ln:chen-01358	loc-0119
11000162	fl:amelia_ln:taylor-00607	loc-0081
11000162	fl:seo-yun_ln:anderson-01104	loc-0161
11000162	fl:anika_ln:conti-00029	loc-0113
11000163	fl:alice_ln:kumar-00857	loc-0089
11000163	fl:olivia_ln:garcia-00741	loc-0151
11000163	fl:marco_ln:sato-01479	loc-0005
11000163	fl:ahmed_ln:conti-01448	loc-0047
11000164	fl:sakura_ln:brown-01364	loc-0062
11000165	fl:priya_ln:wilson-00772	loc-0131
11000165	fl:fatima_ln:suzuki-00775	loc-0015
11000166	fl:seo-yun_ln:kim-01705	loc-0133
11000166	fl:hiroshi_ln:khan-01469	loc-0151
11000167	fl:oliver_ln:kumar-00098	loc-0158
11000168	fl:aisha_ln:conti-01084	loc-0144
11000168	fl:anika_ln:ferrari-00209	loc-0152
11000169	fl:greta_ln:rossi-00113	loc-0163
11000169	fl:sakura_ln:hassan-00611	loc-0015
11000169	fl:isabella_ln:chen-00838	loc-0024
11000170	fl:priya_ln:khan-00448	loc-0082
11000171	fl:sofia_ln:suzuki-00335	loc-0080
11000171	fl:aisha_ln:zhang-00793	loc-0030
11000171	fl:marco_ln:johnson-00949	loc-0153
11000172	fl:aisha_ln:johnson-01290	loc-0125
11000172	fl:sakura_ln:hassan-00531	loc-0079
11000172	fl:wei_ln:patel-00935	loc-0004
11000172	fl:ivan_ln:wilson-00942	loc-0148
11000173	fl:oliver_ln:kumar-00877	loc-0133
11000173	fl:olivia_ln:wilson-00231	loc-0012
11000173	fl:isabella_ln:anderson-00170	loc-0079
11000174	fl:santosh_ln:davis-00153	loc-0103
11000174	fl:carlos_ln:tanaka-00617	loc-0078
11000175	fl:noah_ln:davis-00227	loc-0146
11000176	fl:pierre_ln:ahmed-00558	loc-0104
11000176	fl:ahmed_ln:dupont-01597	loc-0144
11000176	fl:aisha_ln:li-00393	loc-0141
11000176	fl:rajesh_ln:müller-01495	loc-0145
11000176	fl:sofia_ln:ferrari-00428	loc-0035
11000177	fl:greta_ln:wang-00871	loc-0167
11000177	fl:luca_ln:li-01102	loc-0108
11000178	fl:emma_ln:anderson-01687	loc-0090
11000178	fl:mohammed_ln:ferrari-00990	loc-0134
11000178	fl:jin_ln:sato-00219	loc-0163
11000178	fl:greta_ln:ali-00290	loc-0165
11000178	fl:ivan_ln:petrov-00331	loc-0021
11000179	fl:kenji_ln:johnson-01287	loc-0146
11000179	fl:liu_ln:khan-01492	loc-0192
11000179	fl:priya_ln:schmidt-00028	loc-0088
11000180	fl:sakura_ln:ahmed-00628	loc-0037
11000180	fl:pierre_ln:wilson-00514	loc-0124
11000181	fl:wei_ln:wilson-00905	loc-0128
11000182	fl:isabella_ln:zhang-01514	loc-0111
11000182	fl:greta_ln:rossi-00113	loc-0047
11000183	fl:marco_ln:wilson-00288	loc-0197
11000184	fl:santosh_ln:rossi-01718	loc-0158
11000185	fl:ivan_ln:ahmed-00271	loc-0187
11000185	fl:noah_ln:dupont-00835	loc-0183
11000186	fl:pierre_ln:sharma-00096	loc-0162
11000187	fl:kenji_ln:petrov-00580	loc-0195
11000187	fl:greta_ln:ali-00290	loc-0117
11000187	fl:ahmed_ln:patel-00692	loc-0101
11000187	fl:giulia_ln:rodriguez-01408	loc-0003
11000187	fl:ahmed_ln:ahmed-00253	loc-0092
11000188	fl:fatima_ln:hassan-01379	loc-0021
11000188	fl:jin_ln:patel-00925	loc-0010
11000189	fl:alice_ln:wilson-01754	loc-0062
11000189	fl:kenji_ln:johnson-00498	loc-0014
11000190	fl:fatima_ln:rossi-00008	loc-0076
11000191	fl:alice_ln:smith-00114	loc-0198
11000191	fl:camille_ln:zhang-00492	loc-0100
11000191	fl:olivia_ln:taylor-00986	loc-0188
11000192	fl:ivan_ln:wang-00715	loc-0109
11000192	fl:camille_ln:rossi-01317	loc-0005
11000192	fl:carlos_ln:patel-00203	loc-0060
11000192	fl:marco_ln:chen-01043	loc-0028
11000192	fl:hiroshi_ln:petrov-01365	loc-0173
11000193	fl:marco_ln:petrov-01508	loc-0143
11000193	fl:sofia_ln:smith-00825	loc-0195
11000193	fl:rajesh_ln:müller-01495	loc-0067
11000194	fl:anika_ln:park-00316	loc-0139
11000194	fl:giulia_ln:yamamoto-00348	loc-0040
11000194	fl:carlos_ln:zhang-01576	loc-0134
11000195	fl:john_ln:schmidt-01349	loc-0126
11000195	fl:aisha_ln:brown-00363	loc-0035
11000195	fl:priya_ln:suzuki-00004	loc-0192
11000195	fl:pierre_ln:park-00658	loc-0177
11000196	fl:greta_ln:brown-00461	loc-0004
11000196	fl:isabella_ln:anderson-00170	loc-0178
11000197	fl:greta_ln:dupont-01565	loc-0016
11000197	fl:yuki_ln:conti-01658	loc-0147
11000197	fl:jin_ln:rodriguez-00982	loc-0075
11000198	fl:aisha_ln:ali-00373	loc-0108
11000198	fl:min_ln:sato-00953	loc-0150
11000199	fl:hiroshi_ln:garcia-01502	loc-0099
11000200	fl:ivan_ln:yamamoto-01368	loc-0151
11000200	fl:sofia_ln:yamamoto-01344	loc-0066
11000200	fl:santosh_ln:anderson-01504	loc-0071
11000200	fl:hans_ln:zhang-01115	loc-0153
11000201	fl:fatima_ln:garcia-01741	loc-0037
11000201	fl:yuki_ln:ferrari-01066	loc-0185
11000202	fl:aisha_ln:zhang-00783	loc-0158
11000202	fl:liam_ln:kim-01731	loc-0159
11000203	fl:luca_ln:wang-00394	loc-0186
11000204	fl:aisha_ln:brown-00363	loc-0082
11000205	fl:priya_ln:brown-01197	loc-0078
11000205	fl:liam_ln:schmidt-00057	loc-0141
11000206	fl:hiroshi_ln:johnson-00560	loc-0050
11000207	fl:mohammed_ln:anderson-00750	loc-0154
11000207	fl:fatima_ln:tanaka-00803	loc-0028
11000207	fl:greta_ln:rossi-00113	loc-0066
11000207	fl:min_ln:wang-00089	loc-0190
11000208	fl:marco_ln:chen-01500	loc-0192
11000208	fl:liam_ln:esposito-00824	loc-0040
11000209	fl:chen_ln:smith-00027	loc-0179
11000209	fl:kenji_ln:miller-00417	loc-0000
11000210	fl:greta_ln:esposito-00900	loc-0137
11000210	fl:sakura_ln:wang-00724	loc-0066
11000210	fl:amelia_ln:brown-00675	loc-0177
11000211	fl:oliver_ln:martin-01291	loc-0181
11000211	fl:santosh_ln:chen-00977	loc-0136
11000212	fl:yuki_ln:miller-00936	loc-0082
11000212	fl:pierre_ln:ali-01525	loc-0005
11000212	fl:luca_ln:park-00106	loc-0154
11000212	fl:anika_ln:sato-00521	loc-0063
11000212	fl:liu_ln:sharma-00378	loc-0043
11000213	fl:sofia_ln:khan-00842	loc-0191
11000213	fl:anika_ln:sato-00003	loc-0192
11000213	fl:natasha_ln:rodriguez-00729	loc-0033
11000214	fl:hans_ln:miller-00872	loc-0031
11000214	fl:ivan_ln:dupont-01111	loc-0195
11000215	fl:isabella_ln:wilson-00296	loc-0011
11000215	fl:sofia_ln:suzuki-00019	loc-0008
11000216	fl:priya_ln:ahmed-00430	loc-0037
11000216	fl:santosh_ln:petrov-00943	loc-0025
11000216	fl:mohammed_ln:davis-01406	loc-0045
11000216	fl:aisha_ln:brown-00363	loc-0029
11000216	fl:giulia_ln:müller-00762	loc-0189
11000217	fl:natasha_ln:anderson-00183	loc-0034
11000217	fl:john_ln:kim-01544	loc-0050
11000217	fl:olivia_ln:suzuki-00263	loc-0134
11000218	fl:amelia_ln:khan-00486	loc-0081
11000219	fl:yuki_ln:schmidt-01091	loc-0182
11000220	fl:liam_ln:sato-01443	loc-0036
11000220	fl:wei_ln:kumar-01016	loc-0120
11000220	fl:mohammed_ln:davis-00465	loc-0162
11000221	fl:min_ln:kumar-00541	loc-0156
11000221	fl:aisha_ln:petrov-00746	loc-0129
11000222	fl:carlos_ln:wang-00158	loc-0184
11000222	fl:camille_ln:sato-01260	loc-0007
11000223	fl:pierre_ln:sharma-00229	loc-0059
11000223	fl:ivan_ln:gupta-00002	loc-0143
11000224	fl:hans_ln:kim-01667	loc-0153
11000224	fl:ivan_ln:tanaka-01339	loc-0044
11000224	fl:liu_ln:patel-00537	loc-0049
11000225	fl:sakura_ln:conti-01412	loc-0173
11000226	fl:camille_ln:petrov-00199	loc-0013
11000226	fl:carlos_ln:tanaka-00390	loc-0040
11000227	fl:ivan_ln:anderson-00894	loc-0079
11000227	fl:giulia_ln:park-01220	loc-0029
11000227	fl:ivan_ln:park-00493	loc-0030
11000227	fl:wei_ln:garcia-00295	loc-0150
11000228	fl:camille_ln:suzuki-00141	loc-0123
11000228	fl:fatima_ln:rossi-01340	loc-0122
11000229	fl:fatima_ln:miller-00287	loc-0153
11000230	fl:hans_ln:smith-01019	loc-0150
11000230	fl:chen_ln:smith-01200	loc-0067
11000231	fl:chen_ln:park-00149	loc-0063
11000232	fl:liu_ln:patel-01142	loc-0194
11000233	fl:luca_ln:khan-01457	loc-0199
11000234	fl:luca_ln:hassan-00365	loc-0165
11000234	fl:anika_ln:wilson-00896	loc-0132
11000234	fl:carlos_ln:hassan-00061	loc-0045
11000235	fl:seo-yun_ln:park-00846	loc-0006
11000235	fl:liam_ln:petrov-00299	loc-0031
11000235	fl:priya_ln:yamamoto-01679	loc-0088
11000236	fl:noah_ln:brown-00154	loc-0009
11000236	fl:aisha_ln:davis-01452	loc-0102
11000236	fl:alice_ln:johnson-00062	loc-0185
11000236	fl:liu_ln:johnson-00790	loc-0155
11000237	fl:kenji_ln:sharma-01311	loc-0069
11000237	fl:john_ln:smith-00185	loc-0041
11000237	fl:marco_ln:miller-00667	loc-0153
11000237	fl:liu_ln:kumar-01182	loc-0184
11000238	fl:ivan_ln:park-00713	loc-0010
11000238	fl:seo-yun_ln:tanaka-01417	loc-0051
11000239	fl:sofia_ln:dupont-01501	loc-0095
11000239	fl:pierre_ln:yamamoto-00163	loc-0177
11000240	fl:camille_ln:miller-01440	loc-0030
11000240	fl:anika_ln:khan-00444	loc-0184
11000241	fl:mohammed_ln:conti-01672	loc-0192
11000241	fl:liam_ln:brown-00752	loc-0160
11000241	fl:alice_ln:gupta-00975	loc-0069
11000242	fl:sofia_ln:smith-00825	loc-0164
11000243	fl:oliver_ln:ahmed-01108	loc-0038
11000243	fl:john_ln:kumar-01530	loc-0132
11000243	fl:wei_ln:patel-00528	loc-0109
11000243	fl:aisha_ln:zhang-01079	loc-0069
11000244	fl:chen_ln:petrov-00458	loc-0114
11000244	fl:chen_ln:esposito-01165	loc-0062
11000245	fl:carlos_ln:tanaka-01345	loc-0122
11000245	fl:yuki_ln:ferrari-01027	loc-0198
11000246	fl:chen_ln:patel-01063	loc-0101
11000246	fl:natasha_ln:khan-01747	loc-0167
11000246	fl:olivia_ln:zhang-00369	loc-0186
11000247	fl:marco_ln:conti-01442	loc-0160
11000247	fl:noah_ln:dupont-00732	loc-0085
11000248	fl:isabella_ln:esposito-00740	loc-0106
11000248	fl:isabella_ln:conti-00736	loc-0162
11000249	fl:camille_ln:patel-01320	loc-0074
11000249	fl:natasha_ln:conti-01413	loc-0153
11000249	fl:sofia_ln:garcia-00758	loc-0170
11000250	fl:mohammed_ln:yamamoto-00987	loc-0151
11000251	fl:hans_ln:miller-00872	loc-0128
11000251	fl:luca_ln:park-00106	loc-0110
11000251	fl:camille_ln:sato-00965	loc-0044
11000251	fl:anika_ln:müller-00182	loc-0178
11000252	fl:chen_ln:kim-01493	loc-0132
11000252	fl:jin_ln:chen-01529	loc-0043
11000252	fl:seo-yun_ln:kim-01270	loc-0010
11000253	fl:alice_ln:kumar-01467	loc-0173
11000253	fl:natasha_ln:garcia-00011	loc-0162
11000253	fl:fatima_ln:müller-01579	loc-0102
11000253	fl:alice_ln:smith-00641	loc-0083
11000254	fl:anika_ln:dupont-00218	loc-0027
11000254	fl:giulia_ln:sato-00017	loc-0180
11000255	fl:john_ln:wilson-01054	loc-0074
11000255	fl:isabella_ln:müller-01280	loc-0041
11000255	fl:hans_ln:sato-00111	loc-0172
11000256	fl:rajesh_ln:johnson-00336	loc-0186
11000256	fl:ivan_ln:ivanov-00266	loc-0103
11000256	fl:camille_ln:johnson-00505	loc-0080
11000257	fl:pierre_ln:schmidt-01788	loc-0085
11000258	fl:sofia_ln:davis-00954	loc-0104
11000258	fl:giulia_ln:martin-01497	loc-0143
11000258	fl:anika_ln:wilson-00896	loc-0053
11000258	fl:kenji_ln:schmidt-00173	loc-0122
11000258	fl:pierre_ln:dupont-00804	loc-0060
11000259	fl:aisha_ln:petrov-00746	loc-0011
11000259	fl:oliver_ln:rodriguez-01059	loc-0039
11000260	fl:fatima_ln:taylor-00249	loc-0066
11000260	fl:sakura_ln:brown-00398	loc-0063
11000261	fl:hiroshi_ln:zhang-01608	loc-0076
11000261	fl:mohammed_ln:johnson-00361	loc-0121
11000262	fl:priya_ln:garcia-00892	loc-0044
11000262	fl:ahmed_ln:ahmed-00253	loc-0187
11000262	fl:olivia_ln:martin-01628	loc-0015
11000262	fl:wei_ln:suzuki-00132	loc-0072
11000262	fl:natasha_ln:brown-01689	loc-0119
11000263	fl:hans_ln:hassan-01669	loc-0111
11000264	fl:noah_ln:sato-00620	loc-0134
11000264	fl:liam_ln:park-01511	loc-0135
11000265	fl:anika_ln:li-00406	loc-0194
11000265	fl:marco_ln:wilson-00725	loc-0118
11000265	fl:camille_ln:müller-00708	loc-0050
11000266	fl:luca_ln:petrov-01042	loc-0042
11000266	fl:natasha_ln:taylor-00280	loc-0087
11000266	fl:hans_ln:martin-01477	loc-0106
11000267	fl:john_ln:garcia-00652	loc-0068
11000267	fl:olivia_ln:sharma-01575	loc-0007
11000267	fl:priya_ln:kumar-00172	loc-0153
11000268	fl:aisha_ln:ahmed-01030	loc-0131
11000269	fl:mohammed_ln:davis-01406	loc-0027
11000269	fl:wei_ln:ferrari-00854	loc-0065
11000269	fl:ahmed_ln:miller-01131	loc-0043
11000270	fl:ivan_ln:park-01738	loc-0062
11000270	fl:luca_ln:miller-00439	loc-0160
11000270	fl:wei_ln:hassan-01061	loc-0080
11000270	fl:luca_ln:park-00491	loc-0088
11000271	fl:fatima_ln:conti-01503	loc-0005
11000271	fl:ivan_ln:park-01738	loc-0174
11000271	fl:kenji_ln:ali-00411	loc-0036
11000271	fl:sofia_ln:yamamoto-00638	loc-0151
11000272	fl:liu_ln:sato-01663	loc-0134
11000272	fl:aisha_ln:davis-00553	loc-0128
11000272	fl:amelia_ln:smith-00624	loc-0121
11000273	fl:ivan_ln:ahmed-01574	loc-0049
11000273	fl:yuki_ln:miller-00936	loc-0114
11000273	fl:luca_ln:yamamoto-00412	loc-0029
11000274	fl:alice_ln:wang-00441	loc-0038
11000274	fl:marco_ln:kumar-01191	loc-0121
11000275	fl:hiroshi_ln:petrov-01365	loc-0019
11000275	fl:aisha_ln:petrov-00746	loc-0006
11000275	fl:priya_ln:zhang-00682	loc-0082
11000275	fl:liu_ln:johnson-00790	loc-0146
11000275	fl:isabella_ln:chen-00852	loc-0066
11000276	fl:hans_ln:miller-00872	loc-0110
11000276	fl:carlos_ln:kumar-00086	loc-0019
11000276	fl:fatima_ln:tanaka-00945	loc-0190
11000277	fl:amelia_ln:dupont-00760	loc-0124
11000277	fl:alice_ln:rossi-00245	loc-0106
11000278	fl:giulia_ln:sato-00017	loc-0097
11000278	fl:greta_ln:wang-00871	loc-0104
11000279	fl:oliver_ln:sato-00342	loc-0039
11000279	fl:yuki_ln:kumar-01015	loc-0132
11000279	fl:sofia_ln:smith-00890	loc-0076
11000279	fl:anika_ln:ali-00317	loc-0000
11000280	fl:aisha_ln:suzuki-00801	loc-0089
11000281	fl:luca_ln:ahmed-00756	loc-0157
11000282	fl:chen_ln:patel-00629	loc-0000
11000282	fl:sakura_ln:gupta-01298	loc-0041
11000282	fl:priya_ln:ivanov-01527	loc-0046
11000283	fl:yuki_ln:müller-01224	loc-0105
11000283	fl:rajesh_ln:dupont-01279	loc-0001
11000284	fl:fatima_ln:yamamoto-01186	loc-0154
11000284	fl:alice_ln:miller-01296	loc-0193
11000284	fl:pierre_ln:suzuki-01589	loc-0095
11000285	fl:liu_ln:davis-00385	loc-0083
11000285	fl:ivan_ln:esposito-00888	loc-0105
11000285	fl:santosh_ln:sato-01072	loc-0038
11000285	fl:santosh_ln:conti-00071	loc-0153
11000286	fl:alice_ln:sharma-01158	loc-0127
11000286	fl:liu_ln:schmidt-00928	loc-0042
11000286	fl:santosh_ln:chen-01302	loc-0194
11000287	fl:emma_ln:müller-01136	loc-0060
11000288	fl:priya_ln:brown-01197	loc-0115
11000288	fl:giulia_ln:taylor-01352	loc-0077
11000289	fl:carlos_ln:zhang-00865	loc-0128
11000289	fl:camille_ln:patel-01320	loc-0177
11000290	fl:kenji_ln:tanaka-00751	loc-0091
11000290	fl:natasha_ln:khan-01747	loc-0038
11000291	fl:sofia_ln:miller-00904	loc-0147
11000292	fl:pierre_ln:yamamoto-00163	loc-0179
11000292	fl:carlos_ln:ali-00992	loc-0194
11000293	fl:marco_ln:anderson-00167	loc-0012
11000293	fl:amelia_ln:ivanov-01703	loc-0078
11000293	fl:jin_ln:rossi-00187	loc-0012
11000294	fl:luca_ln:wilson-00926	loc-0143
11000295	fl:sofia_ln:müller-00702	loc-0071
11000295	fl:anika_ln:kumar-01523	loc-0030
11000296	fl:ivan_ln:tanaka-01304	loc-0027
11000296	fl:carlos_ln:sato-00021	loc-0020
11000296	fl:isabella_ln:martin-01226	loc-0074
11000297	fl:sofia_ln:hassan-01175	loc-0101
11000297	fl:oliver_ln:tanaka-01267	loc-0044
11000297	fl:hiroshi_ln:park-00538	loc-0105
11000298	fl:wei_ln:khan-01195	loc-0037
11000298	fl:oliver_ln:tanaka-00856	loc-0042
11000298	fl:sofia_ln:davis-00516	loc-0143
11000299	fl:marco_ln:brown-00913	loc-0197
11000299	fl:isabella_ln:suzuki-00559	loc-0066
11000299	fl:fatima_ln:wilson-00093	loc-0063
11000299	fl:greta_ln:rodriguez-00303	loc-0006
11000300	fl:oliver_ln:ferrari-01101	loc-0121
11000300	fl:alice_ln:chen-00544	loc-0150
11000300	fl:camille_ln:dupont-01688	loc-0114
11000301	fl:amelia_ln:rossi-01777	loc-0001
11000302	fl:isabella_ln:johnson-00494	loc-0192
11000302	fl:ahmed_ln:wilson-01404	loc-0192
11000303	fl:hans_ln:hassan-00147	loc-0133
11000304	fl:wei_ln:kumar-01016	loc-0164
11000305	fl:oliver_ln:rodriguez-01232	loc-0022
11000305	fl:ahmed_ln:conti-00660	loc-0106
11000305	fl:rajesh_ln:wang-00318	loc-0076
11000306	fl:natasha_ln:kumar-01458	loc-0190
11000306	fl:giulia_ln:rodriguez-01531	loc-0175
11000306	fl:fatima_ln:anderson-00091	loc-0186
11000306	fl:alice_ln:gupta-00035	loc-0144
11000307	fl:sofia_ln:khan-00842	loc-0023
11000307	fl:isabella_ln:wang-00910	loc-0001
11000307	fl:camille_ln:martin-01076	loc-0116
11000307	fl:ivan_ln:ahmed-00271	loc-0101
11000308	fl:alice_ln:johnson-00062	loc-0070
11000309	fl:kenji_ln:miller-01100	loc-0063
11000310	fl:mohammed_ln:kim-00463	loc-0048
11000310	fl:camille_ln:johnson-00794	loc-0097
11000310	fl:pierre_ln:ali-01525	loc-0068
11000311	fl:hiroshi_ln:esposito-01020	loc-0082
11000312	fl:anika_ln:esposito-01362	loc-0105
11000313	fl:natasha_ln:rodriguez-00749	loc-0167
11000313	fl:sofia_ln:petrov-01369	loc-0145
11000314	fl:alice_ln:kumar-01467	loc-0106
11000314	fl:santosh_ln:suzuki-00389	loc-0161
11000315	fl:oliver_ln:tanaka-00856	loc-0070
11000315	fl:amelia_ln:dupont-00760	loc-0137
11000316	fl:noah_ln:rodriguez-00283	loc-0069
11000317	fl:aisha_ln:sato-01561	loc-0191
11000317	fl:seo-yun_ln:conti-00566	loc-0065
11000318	fl:luca_ln:johnson-00020	loc-0124
11000318	fl:hans_ln:sato-00111	loc-0153
11000318	fl:santosh_ln:yamamoto-01661	loc-0176
11000319	fl:santosh_ln:tanaka-00554	loc-0164
11000319	fl:ahmed_ln:ivanov-01444	loc-0003
11000319	fl:pierre_ln:garcia-00610	loc-0040
11000320	fl:ivan_ln:esposito-01711	loc-0180
11000320	fl:hans_ln:hassan-00147	loc-0142
11000320	fl:sofia_ln:kim-01154	loc-0092
11000321	fl:aisha_ln:davis-01452	loc-0128
11000321	fl:natasha_ln:johnson-01666	loc-0178
11000322	fl:mohammed_ln:ivanov-00911	loc-0093
11000322	fl:carlos_ln:rossi-01512	loc-0197
11000323	fl:sofia_ln:miller-00593	loc-0038
11000324	fl:yuki_ln:dupont-01223	loc-0198
11000324	fl:emma_ln:johnson-01471	loc-0126
11000324	fl:alice_ln:gupta-00975	loc-0123
11000324	fl:wei_ln:khan-01195	loc-0054
11000325	fl:anika_ln:sato-00332	loc-0085
11000326	fl:hans_ln:zhang-00431	loc-0158
11000327	fl:amelia_ln:hassan-00156	loc-0105
11000327	fl:john_ln:martin-00310	loc-0019
11000327	fl:anika_ln:smith-01221	loc-0186
11000328	fl:emma_ln:garcia-00247	loc-0115
11000329	fl:liu_ln:suzuki-00831	loc-0089
11000330	fl:ahmed_ln:park-00124	loc-0191
11000330	fl:seo-yun_ln:esposito-00817	loc-0140
11000330	fl:kenji_ln:zhang-00425	loc-0094
11000331	fl:alice_ln:yamamoto-01265	loc-0021
11000331	fl:amelia_ln:ivanov-01703	loc-0131
11000332	fl:seo-yun_ln:suzuki-01545	loc-0155
11000332	fl:john_ln:smith-00185	loc-0171
11000333	fl:liu_ln:davis-00703	loc-0004
11000333	fl:pierre_ln:wang-00706	loc-0103
11000334	fl:wei_ln:rodriguez-01243	loc-0195
11000334	fl:ahmed_ln:ahmed-00253	loc-0001
11000334	fl:liu_ln:esposito-01536	loc-0192
11000334	fl:natasha_ln:zhang-01624	loc-0076
11000335	fl:priya_ln:ivanov-01435	loc-0129
11000336	fl:isabella_ln:johnson-00494	loc-0081
11000336	fl:santosh_ln:sato-01072	loc-0162
11000336	fl:priya_ln:sharma-01675	loc-0194
11000337	fl:jin_ln:li-01641	loc-0145
11000337	fl:alice_ln:taylor-00399	loc-0051
11000338	fl:priya_ln:johnson-00996	loc-0135
11000339	fl:isabella_ln:petrov-00603	loc-0141
11000340	fl:giulia_ln:patel-00370	loc-0139
11000341	fl:emma_ln:anderson-01687	loc-0080
11000341	fl:luca_ln:sato-01399	loc-0079
11000342	fl:ivan_ln:patel-01486	loc-0077
11000343	fl:jin_ln:rodriguez-01116	loc-0096
11000344	fl:sakura_ln:ferrari-00806	loc-0039
11000344	fl:hans_ln:tanaka-00060	loc-0163
11000345	fl:alice_ln:gupta-00975	loc-0139
11000346	fl:wei_ln:hassan-01061	loc-0040
11000346	fl:liu_ln:ferrari-01555	loc-0108
11000346	fl:giulia_ln:ferrari-01262	loc-0185
11000347	fl:mohammed_ln:davis-00465	loc-0105
11000348	fl:chen_ln:yamamoto-01138	loc-0073
11000349	fl:seo-yun_ln:anderson-00184	loc-0133
11000349	fl:emma_ln:anderson-01253	loc-0024
11000350	fl:sakura_ln:hassan-00611	loc-0092
11000351	fl:olivia_ln:patel-00677	loc-0099
11000351	fl:sakura_ln:dupont-00506	loc-0114
11000351	fl:hiroshi_ln:sato-01485	loc-0198
11000351	fl:min_ln:sharma-00483	loc-0147
11000352	fl:mohammed_ln:zhang-01582	loc-0052
11000352	fl:greta_ln:brown-00470	loc-0053
11000353	fl:sofia_ln:kim-01426	loc-0127
11000353	fl:jin_ln:martin-00442	loc-0075
11000353	fl:amelia_ln:taylor-00607	loc-0103
11000354	fl:marco_ln:chen-01500	loc-0134
11000354	fl:camille_ln:miller-01440	loc-0008
11000354	fl:olivia_ln:martin-00198	loc-0112
11000354	fl:kenji_ln:ferrari-01409	loc-0022
11000355	fl:aisha_ln:conti-01773	loc-0094
11000355	fl:min_ln:anderson-00676	loc-0073
11000356	fl:oliver_ln:ahmed-00066	loc-0075
11000357	fl:carlos_ln:sato-00689	loc-0132
11000357	fl:santosh_ln:conti-00737	loc-0193
11000357	fl:alice_ln:zhang-01652	loc-0142
11000358	fl:anika_ln:brown-01098	loc-0176
11000359	fl:emma_ln:anderson-01481	loc-0108
11000359	fl:ivan_ln:johnson-01147	loc-0152
11000360	fl:natasha_ln:brown-01689	loc-0184
11000361	fl:noah_ln:ahmed-01161	loc-0045
11000361	fl:pierre_ln:wilson-00514	loc-0035
11000362	fl:greta_ln:tanaka-00474	loc-0189
11000362	fl:sakura_ln:garcia-01676	loc-0056
11000362	fl:anika_ln:sato-00143	loc-0184
11000363	fl:pierre_ln:ahmed-01515	loc-0040
11000363	fl:fatima_ln:petrov-01632	loc-0090
11000363	fl:fatima_ln:rossi-01134	loc-0006
11000363	fl:liu_ln:li-01506	loc-0085
11000364	fl:noah_ln:garcia-01472	loc-0164
11000364	fl:giulia_ln:yamamoto-00348	loc-0000
11000365	fl:marco_ln:johnson-01222	loc-0077
11000365	fl:seo-yun_ln:anderson-00184	loc-0077
11000366	fl:chen_ln:ivanov-00340	loc-0049
11000367	fl:camille_ln:zhang-01258	loc-0192
11000368	fl:olivia_ln:zhang-00164	loc-0143
11000368	fl:giulia_ln:yamamoto-00866	loc-0041
11000369	fl:pierre_ln:patel-01634	loc-0178
11000369	fl:priya_ln:schmidt-01441	loc-0144
11000369	fl:priya_ln:dupont-00374	loc-0054
11000369	fl:hiroshi_ln:sharma-00874	loc-0146
11000369	fl:fatima_ln:rossi-01014	loc-0182
11000370	fl:olivia_ln:taylor-00986	loc-0134
11000370	fl:liu_ln:brown-00424	loc-0130
11000370	fl:sakura_ln:kim-01437	loc-0006
11000371	fl:kenji_ln:ferrari-01409	loc-0170
11000371	fl:priya_ln:garcia-00892	loc-0181
11000371	fl:john_ln:ferrari-00082	loc-0082
11000372	fl:alice_ln:tanaka-01484	loc-0198
11000372	fl:ahmed_ln:zhang-01332	loc-0140
11000373	fl:ahmed_ln:ferrari-01596	loc-0118
11000374	fl:jin_ln:taylor-01742	loc-0163
11000375	fl:pierre_ln:kumar-00848	loc-0189
11000375	fl:priya_ln:zhang-00786	loc-0162
11000376	fl:amelia_ln:sharma-00578	loc-0025
11000376	fl:carlos_ln:conti-01577	loc-0001
11000377	fl:camille_ln:zhang-00492	loc-0180
11000377	fl:john_ln:anderson-00564	loc-0167
11000378	fl:olivia_ln:esposito-00841	loc-0010
11000379	fl:noah_ln:kim-01371	loc-0012
11000380	fl:seo-yun_ln:kim-01705	loc-0077
11000381	fl:amelia_ln:anderson-00352	loc-0179
11000381	fl:isabella_ln:petrov-00811	loc-0183
11000382	fl:greta_ln:li-01424	loc-0075
11000383	fl:alice_ln:petrov-00377	loc-0180
11000383	fl:john_ln:suzuki-01638	loc-0006
11000384	fl:rajesh_ln:wang-00548	loc-0132
11000385	fl:marco_ln:sato-01070	loc-0046
11000385	fl:priya_ln:garcia-00892	loc-0155
11000386	fl:rajesh_ln:smith-00731	loc-0116
11000387	fl:priya_ln:khan-00480	loc-0097
11000387	fl:camille_ln:petrov-00199	loc-0082
11000387	fl:john_ln:wilson-01054	loc-0025
11000388	fl:aisha_ln:patel-01343	loc-0183
11000388	fl:yuki_ln:tanaka-00188	loc-0199
11000389	fl:oliver_ln:wilson-01585	loc-0183
11000389	fl:aisha_ln:li-00393	loc-0104
11000390	fl:kenji_ln:yamamoto-01331	loc-0032
11000390	fl:rajesh_ln:miller-00893	loc-0025
11000390	fl:aisha_ln:anderson-00469	loc-0102
11000391	fl:hiroshi_ln:sato-01485	loc-0157
11000391	fl:min_ln:sato-00953	loc-0039
11000392	fl:olivia_ln:schmidt-00315	loc-0188
11000393	fl:john_ln:smith-00185	loc-0144
11000393	fl:noah_ln:schmidt-01110	loc-0011
11000393	fl:priya_ln:rodriguez-01170	loc-0163
11000393	fl:min_ln:esposito-01767	loc-0073
11000394	fl:liu_ln:esposito-00191	loc-0158
11000394	fl:yuki_ln:smith-00699	loc-0144
11000394	fl:chen_ln:müller-00844	loc-0157
11000395	fl:fatima_ln:li-00213	loc-0125
11000395	fl:noah_ln:dupont-01196	loc-0009
11000396	fl:yuki_ln:conti-01658	loc-0179
11000396	fl:luca_ln:gupta-01578	loc-0098
11000397	fl:anika_ln:wilson-00896	loc-0154
11000398	fl:noah_ln:hassan-01613	loc-0075
11000398	fl:emma_ln:johnson-01610	loc-0082
11000399	fl:olivia_ln:li-00668	loc-0074
11000399	fl:rajesh_ln:brown-00618	loc-0128
11000400	fl:kenji_ln:conti-00565	loc-0142
11000400	fl:marco_ln:davis-01631	loc-0168
11000400	fl:min_ln:dupont-01756	loc-0098
11000400	fl:alice_ln:kumar-00857	loc-0069
11000401	fl:wei_ln:martin-00701	loc-0174
11000402	fl:chen_ln:esposito-01165	loc-0095
11000402	fl:amelia_ln:martin-00511	loc-0155
11000403	fl:natasha_ln:kim-01722	loc-0110
11000403	fl:pierre_ln:tanaka-01248	loc-0156
11000403	fl:greta_ln:suzuki-00635	loc-0028
11000404	fl:ivan_ln:petrov-00200	loc-0023
11000405	fl:anika_ln:sharma-01157	loc-0109
11000406	fl:oliver_ln:sato-00342	loc-0191
11000407	fl:priya_ln:rossi-00814	loc-0118
11000407	fl:greta_ln:rossi-00113	loc-0022
11000408	fl:fatima_ln:garcia-00995	loc-0167
11000408	fl:carlos_ln:tanaka-00390	loc-0064
11000409	fl:mohammed_ln:anderson-00711	loc-0162
11000409	fl:olivia_ln:petrov-00120	loc-0065
11000409	fl:priya_ln:esposito-00594	loc-0191
11000410	fl:alice_ln:petrov-01704	loc-0165
11000410	fl:mohammed_ln:rodriguez-01247	loc-0111
11000410	fl:hans_ln:suzuki-01003	loc-0176
11000410	fl:ahmed_ln:kim-00337	loc-0048
11000411	fl:alice_ln:petrov-01050	loc-0160
11000411	fl:rajesh_ln:esposito-00590	loc-0061
11000411	fl:olivia_ln:taylor-00986	loc-0160
11000412	fl:hans_ln:patel-01380	loc-0168
11000412	fl:santosh_ln:ahmed-00550	loc-0137
11000413	fl:pierre_ln:sharma-00476	loc-0189
11000414	fl:yuki_ln:miller-00936	loc-0069
11000414	fl:marco_ln:tanaka-01696	loc-0088
11000414	fl:isabella_ln:esposito-00740	loc-0173
11000414	fl:hiroshi_ln:tanaka-00202	loc-0123
11000415	fl:priya_ln:rossi-00814	loc-0084
11000415	fl:olivia_ln:kumar-00212	loc-0025
11000416	fl:olivia_ln:chen-01498	loc-0059
11000416	fl:wei_ln:dupont-00998	loc-0110
11000416	fl:alice_ln:taylor-00399	loc-0126
11000416	fl:mohammed_ln:gupta-01765	loc-0136
11000416	fl:sakura_ln:davis-00673	loc-0142
11000417	fl:santosh_ln:johnson-01062	loc-0051
11000417	fl:giulia_ln:khan-00364	loc-0051
11000417	fl:sakura_ln:garcia-01174	loc-0056
11000418	fl:anika_ln:sato-00521	loc-0094
11000418	fl:john_ln:petrov-00136	loc-0190
11000419	fl:amelia_ln:martin-00511	loc-0052
11000419	fl:amelia_ln:yamamoto-01329	loc-0101
11000420	fl:john_ln:smith-00423	loc-0075
11000421	fl:liu_ln:schmidt-01208	loc-0005
11000421	fl:luca_ln:gupta-00453	loc-0134
11000421	fl:mohammed_ln:brown-01606	loc-0054
11000422	fl:seo-yun_ln:esposito-00817	loc-0037
11000422	fl:luca_ln:taylor-01403	loc-0147
11000423	fl:min_ln:rodriguez-01712	loc-0138
11000423	fl:luca_ln:johnson-00020	loc-0125
11000424	fl:ivan_ln:ivanov-01314	loc-0092
11000424	fl:sofia_ln:tanaka-01083	loc-0030
11000424	fl:liu_ln:schmidt-00928	loc-0156
11000424	fl:isabella_ln:wilson-01719	loc-0181
11000425	fl:isabella_ln:suzuki-00559	loc-0008
11000425	fl:anika_ln:zhang-00005	loc-0143
11000425	fl:rajesh_ln:li-00613	loc-0010
11000425	fl:seo-yun_ln:tanaka-01417	loc-0081
11000426	fl:noah_ln:davis-00227	loc-0000
11000426	fl:sofia_ln:khan-00052	loc-0002
11000426	fl:anika_ln:dupont-00218	loc-0052
11000427	fl:kenji_ln:johnson-01297	loc-0049
11000427	fl:aisha_ln:kumar-00181	loc-0066
11000428	fl:camille_ln:kumar-00799	loc-0186
11000429	fl:priya_ln:dupont-00644	loc-0071
11000430	fl:jin_ln:schmidt-01377	loc-0136
11000430	fl:aisha_ln:anderson-00469	loc-0158
11000431	fl:carlos_ln:khan-00879	loc-0102
11000432	fl:camille_ln:hassan-01551	loc-0098
11000432	fl:luca_ln:hassan-01572	loc-0070
11000432	fl:kenji_ln:johnson-00498	loc-0101
11000433	fl:noah_ln:miller-00379	loc-0061
11000433	fl:liu_ln:kumar-01187	loc-0034
11000434	fl:anika_ln:müller-00182	loc-0104
11000434	fl:marco_ln:wilson-00288	loc-0189
11000435	fl:amelia_ln:taylor-00607	loc-0041
11000435	fl:rajesh_ln:brown-00618	loc-0187
11000435	fl:liam_ln:petrov-01306	loc-0175
11000435	fl:hans_ln:yamamoto-01188	loc-0072
11000435	fl:hans_ln:khan-00601	loc-0173
11000436	fl:ivan_ln:ivanov-01314	loc-0089
11000436	fl:seo-yun_ln:gupta-00171	loc-0094
11000436	fl:jin_ln:ferrari-01081	loc-0019
11000437	fl:greta_ln:ferrari-01422	loc-0083
11000437	fl:liam_ln:li-00863	loc-0106
11000437	fl:wei_ln:zhang-00479	loc-0195
11000438	fl:min_ln:wang-00089	loc-0000
11000438	fl:jin_ln:rodriguez-00816	loc-0136
11000439	fl:sofia_ln:tanaka-00609	loc-0149
11000439	fl:greta_ln:ivanov-01215	loc-0051
11000439	fl:carlos_ln:sato-00294	loc-0164
11000440	fl:luca_ln:wang-00961	loc-0035
11000440	fl:carlos_ln:khan-00879	loc-0045
11000441	fl:aisha_ln:brown-00418	loc-0013
11000441	fl:isabella_ln:petrov-00603	loc-0171
11000441	fl:anika_ln:yamamoto-00230	loc-0010
11000441	fl:aisha_ln:zhang-01079	loc-0190
11000441	fl:olivia_ln:li-00897	loc-0182
11000442	fl:luca_ln:sato-01399	loc-0011
11000443	fl:carlos_ln:ali-00992	loc-0180
11000444	fl:amelia_ln:sharma-00578	loc-0033
11000445	fl:jin_ln:rodriguez-00637	loc-0150
11000445	fl:liu_ln:martin-01568	loc-0044
11000445	fl:greta_ln:sato-00534	loc-0040
11000446	fl:isabella_ln:rossi-01659	loc-0081
11000447	fl:santosh_ln:conti-00737	loc-0170
11000447	fl:aisha_ln:taylor-00102	loc-0139
11000448	fl:seo-yun_ln:gupta-00171	loc-0062
11000448	fl:anika_ln:ali-00733	loc-0031
11000449	fl:carlos_ln:sato-00294	loc-0163
11000449	fl:emma_ln:ahmed-00075	loc-0040
11000449	fl:olivia_ln:brown-00081	loc-0186
11000450	fl:greta_ln:suzuki-00635	loc-0062
11000450	fl:luca_ln:sato-01399	loc-0005
11000451	fl:aisha_ln:anderson-01438	loc-0108
11000451	fl:giulia_ln:ferrari-01342	loc-0077
11000451	fl:luca_ln:gupta-01578	loc-0052
11000451	fl:kenji_ln:ferrari-01409	loc-0095
11000452	fl:min_ln:anderson-00676	loc-0118
11000452	fl:isabella_ln:ivanov-01461	loc-0132
11000453	fl:luca_ln:li-01102	loc-0110
11000453	fl:oliver_ln:ahmed-00836	loc-0108
11000453	fl:alice_ln:rodriguez-01006	loc-0003
11000453	fl:jin_ln:gupta-01637	loc-0018
11000454	fl:marco_ln:park-00535	loc-0037
11000454	fl:kenji_ln:zhang-00687	loc-0034
11000454	fl:fatima_ln:davis-00380	loc-0014
11000454	fl:chen_ln:miller-00100	loc-0044
11000455	fl:marco_ln:kim-01451	loc-0144
11000455	fl:wei_ln:gupta-00543	loc-0134
11000456	fl:yuki_ln:tanaka-01307	loc-0178
11000457	fl:giulia_ln:yamamoto-00855	loc-0066
11000457	fl:fatima_ln:miller-00287	loc-0148
11000458	fl:seo-yun_ln:garcia-00726	loc-0001
11000458	fl:kenji_ln:brown-01300	loc-0120
11000458	fl:ahmed_ln:chen-01031	loc-0136
11000458	fl:seo-yun_ln:suzuki-01707	loc-0184
11000459	fl:priya_ln:schmidt-00627	loc-0177
11000459	fl:amelia_ln:ivanov-01703	loc-0053
11000459	fl:amelia_ln:martin-01411	loc-0126
11000460	fl:santosh_ln:tanaka-00554	loc-0000
11000461	fl:carlos_ln:yamamoto-01088	loc-0127
11000461	fl:min_ln:ali-00571	loc-0074
11000462	fl:camille_ln:petrov-00850	loc-0129
11000463	fl:isabella_ln:schmidt-00777	loc-0003
11000463	fl:camille_ln:zhang-00492	loc-0119
11000463	fl:john_ln:tanaka-00634	loc-0027
11000463	fl:ahmed_ln:conti-00660	loc-0152
11000464	fl:natasha_ln:sato-01783	loc-0174
11000464	fl:ahmed_ln:dupont-01597	loc-0047
11000465	fl:pierre_ln:wilson-00036	loc-0138
11000465	fl:hans_ln:esposito-00889	loc-0166
11000466	fl:pierre_ln:suzuki-01416	loc-0061
11000467	fl:priya_ln:hassan-01706	loc-0063
11000467	fl:marco_ln:ivanov-00251	loc-0035
11000467	fl:isabella_ln:wilson-01719	loc-0049
11000467	fl:liam_ln:kim-00217	loc-0155
11000468	fl:greta_ln:martin-00902	loc-0192
11000468	fl:noah_ln:suzuki-00309	loc-0088
11000468	fl:mohammed_ln:müller-01456	loc-0197
11000468	fl:marco_ln:chen-01043	loc-0165
11000468	fl:luca_ln:johnson-00020	loc-0078
11000469	fl:john_ln:anderson-00564	loc-0032
11000470	fl:wei_ln:garcia-01673	loc-0031
11000471	fl:giulia_ln:johnson-01789	loc-0066
11000471	fl:priya_ln:wang-00282	loc-0187
11000471	fl:ahmed_ln:miller-01131	loc-0127
11000471	fl:kenji_ln:johnson-01764	loc-0044
11000472	fl:pierre_ln:johnson-01130	loc-0187
11000472	fl:anika_ln:yamamoto-01173	loc-0066
11000472	fl:santosh_ln:conti-00978	loc-0029
11000472	fl:alice_ln:rossi-00245	loc-0161
11000472	fl:alice_ln:miller-01296	loc-0165
11000473	fl:luca_ln:ali-01025	loc-0005
11000473	fl:liu_ln:kim-00468	loc-0009
11000473	fl:anika_ln:park-00316	loc-0135
11000474	fl:ivan_ln:taylor-01478	loc-0073
11000474	fl:wei_ln:hassan-00690	loc-0172
11000474	fl:aisha_ln:li-00393	loc-0161
11000475	fl:amelia_ln:smith-00624	loc-0180
11000475	fl:chen_ln:müller-01274	loc-0127
11000475	fl:isabella_ln:wang-00910	loc-0194
11000476	fl:min_ln:miller-01791	loc-0063
11000476	fl:camille_ln:martin-00467	loc-0050
11000477	fl:luca_ln:sato-00899	loc-0092
11000478	fl:carlos_ln:sato-00294	loc-0139
11000478	fl:carlos_ln:rossi-01512	loc-0118
11000478	fl:oliver_ln:hassan-00409	loc-0038
11000479	fl:yuki_ln:smith-00699	loc-0188
11000479	fl:john_ln:chen-00165	loc-0025
11000479	fl:aisha_ln:zhang-00793	loc-0021
11000480	fl:marco_ln:ivanov-00251	loc-0154
11000481	fl:marco_ln:kumar-01328	loc-0096
11000482	fl:min_ln:smith-01465	loc-0010
11000482	fl:luca_ln:kim-00334	loc-0080
11000483	fl:pierre_ln:garcia-00610	loc-0171
11000484	fl:olivia_ln:suzuki-00263	loc-0121
11000484	fl:priya_ln:dupont-00908	loc-0199
11000485	fl:camille_ln:miller-01743	loc-0199
11000486	fl:camille_ln:wang-00591	loc-0070
11000486	fl:pierre_ln:ahmed-00558	loc-0148
11000486	fl:luca_ln:hassan-00365	loc-0041
11000487	fl:mohammed_ln:ferrari-00990	loc-0055
11000487	fl:carlos_ln:johnson-00520	loc-0088
11000487	fl:hiroshi_ln:li-00362	loc-0045
11000487	fl:carlos_ln:kumar-00086	loc-0171
11000487	fl:alice_ln:sharma-01158	loc-0037
11000488	fl:wei_ln:kumar-01016	loc-0003
11000488	fl:chen_ln:esposito-01165	loc-0149
11000488	fl:min_ln:rodriguez-01712	loc-0098
11000489	fl:ahmed_ln:patel-00692	loc-0135
11000489	fl:ahmed_ln:conti-00660	loc-0008
11000489	fl:john_ln:petrov-00958	loc-0070
11000490	fl:carlos_ln:conti-01577	loc-0017
11000491	fl:priya_ln:rossi-01036	loc-0072
11000491	fl:fatima_ln:davis-01657	loc-0167
11000492	fl:liam_ln:schmidt-00478	loc-0084
11000492	fl:kenji_ln:johnson-01299	loc-0180
11000492	fl:pierre_ln:tanaka-01248	loc-0098
11000492	fl:wei_ln:esposito-00116	loc-0034
11000492	fl:jin_ln:rossi-00187	loc-0150
11000493	fl:priya_ln:wang-00546	loc-0058
11000494	fl:olivia_ln:kumar-00212	loc-0035
11000494	fl:amelia_ln:li-00969	loc-0113
11000495	fl:sakura_ln:ferrari-01685	loc-0112
11000495	fl:min_ln:park-00625	loc-0097
11000495	fl:emma_ln:johnson-01471	loc-0081
11000496	fl:fatima_ln:müller-00918	loc-0116
11000496	fl:hans_ln:khan-00601	loc-0188
11000496	fl:jin_ln:rossi-00187	loc-0186
11000497	fl:natasha_ln:garcia-00011	loc-0025
11000497	fl:liam_ln:hassan-00186	loc-0196
11000498	fl:jin_ln:schmidt-00326	loc-0024
11000499	fl:mohammed_ln:anderson-00750	loc-0068
11000499	fl:pierre_ln:johnson-01130	loc-0096
11000500	fl:pierre_ln:johnson-01421	loc-0033
11000500	fl:pierre_ln:tanaka-01248	loc-0108
11000501	fl:oliver_ln:zhang-01333	loc-0009
11000501	fl:priya_ln:müller-00808	loc-0126
11000502	fl:luca_ln:yamamoto-00412	loc-0183
11000502	fl:sofia_ln:johnson-00747	loc-0180
11000502	fl:wei_ln:müller-01734	loc-0033
11000503	fl:sofia_ln:garcia-00758	loc-0086
11000504	fl:kenji_ln:li-01396	loc-0001
11000505	fl:fatima_ln:rossi-01134	loc-0046
11000505	fl:greta_ln:esposito-00900	loc-0056
11000505	fl:carlos_ln:sato-00294	loc-0093
11000506	fl:mohammed_ln:johnson-00361	loc-0197
11000507	fl:chen_ln:müller-01274	loc-0022
11000507	fl:liam_ln:petrov-00299	loc-0134
11000507	fl:camille_ln:johnson-00794	loc-0009
11000508	fl:pierre_ln:johnson-01130	loc-0100
11000508	fl:mohammed_ln:yamamoto-01623	loc-0193
11000509	fl:giulia_ln:khan-01470	loc-0050
11000509	fl:olivia_ln:müller-00582	loc-0131
11000509	fl:anika_ln:petrov-00853	loc-0103
11000509	fl:ahmed_ln:tanaka-00549	loc-0018
11000510	fl:kenji_ln:johnson-01764	loc-0183
11000510	fl:wei_ln:hassan-00690	loc-0145
11000510	fl:aisha_ln:davis-00553	loc-0090
11000511	fl:hiroshi_ln:rossi-01642	loc-0007
11000511	fl:luca_ln:dupont-00438	loc-0114
11000511	fl:isabella_ln:li-00339	loc-0148
11000512	fl:camille_ln:rossi-00038	loc-0059
11000512	fl:sakura_ln:smith-01567	loc-0051
11000512	fl:wei_ln:müller-01734	loc-0162
11000513	fl:wei_ln:li-00744	loc-0068
11000513	fl:emma_ln:müller-01136	loc-0108
11000514	fl:john_ln:schmidt-01349	loc-0039
11000514	fl:priya_ln:esposito-01488	loc-0181
11000514	fl:min_ln:sato-00791	loc-0104
11000515	fl:sakura_ln:suzuki-00545	loc-0065
11000516	fl:ivan_ln:park-00493	loc-0194
11000517	fl:sofia_ln:dupont-01501	loc-0026
11000517	fl:sofia_ln:miller-01519	loc-0097
11000517	fl:olivia_ln:kumar-01496	loc-0057
11000518	fl:ahmed_ln:martin-00754	loc-0116
11000519	fl:fatima_ln:taylor-01315	loc-0173
11000519	fl:fatima_ln:miller-00287	loc-0184
11000520	fl:carlos_ln:wang-00158	loc-0101
11000521	fl:liu_ln:wang-00432	loc-0137
11000521	fl:chen_ln:ahmed-00012	loc-0197
11000522	fl:rajesh_ln:müller-00575	loc-0055
11000523	fl:carlos_ln:hassan-00061	loc-0083
11000524	fl:emma_ln:zhang-01113	loc-0046
11000524	fl:marco_ln:park-00535	loc-0114
11000525	fl:noah_ln:dupont-01753	loc-0143
11000526	fl:seo-yun_ln:anderson-01104	loc-0172
11000526	fl:amelia_ln:khan-00486	loc-0190
11000527	fl:jin_ln:patel-00925	loc-0143
11000527	fl:kenji_ln:ahmed-01378	loc-0191
11000528	fl:jin_ln:ahmed-01612	loc-0030
11000528	fl:mohammed_ln:yamamoto-00987	loc-0168
11000528	fl:alice_ln:sato-00123	loc-0021
11000529	fl:ahmed_ln:esposito-00810	loc-0091
11000529	fl:olivia_ln:chen-01498	loc-0024
11000530	fl:olivia_ln:miller-00577	loc-0138
11000530	fl:oliver_ln:ivanov-00160	loc-0166
11000530	fl:anika_ln:esposito-01362	loc-0112
11000530	fl:natasha_ln:rodriguez-00729	loc-0057
11000530	fl:fatima_ln:petrov-01632	loc-0123
11000531	fl:rajesh_ln:khan-00870	loc-0143
11000531	fl:santosh_ln:conti-00542	loc-0123
11000531	fl:amelia_ln:taylor-00607	loc-0044
11000531	fl:santosh_ln:martin-01233	loc-0027
11000531	fl:chen_ln:patel-00795	loc-0113
11000532	fl:greta_ln:ali-00290	loc-0003
11000532	fl:santosh_ln:chen-00977	loc-0169
11000533	fl:santosh_ln:anderson-01336	loc-0192
11000534	fl:seo-yun_ln:kim-00204	loc-0184
11000534	fl:sakura_ln:suzuki-00545	loc-0030
11000534	fl:hans_ln:johnson-01795	loc-0006
11000535	fl:emma_ln:garcia-00796	loc-0180
11000536	fl:aisha_ln:garcia-01087	loc-0080
11000536	fl:hans_ln:müller-00109	loc-0154
11000537	fl:seo-yun_ln:esposito-00817	loc-0094
11000537	fl:ahmed_ln:esposito-01089	loc-0160
11000537	fl:sakura_ln:zhang-00053	loc-0089
11000537	fl:luca_ln:esposito-01787	loc-0186
11000537	fl:isabella_ln:rossi-01659	loc-0012
11000538	fl:giulia_ln:khan-00364	loc-0126
11000538	fl:hiroshi_ln:hassan-00947	loc-0014
11000538	fl:wei_ln:müller-01734	loc-0028
11000538	fl:olivia_ln:ivanov-00849	loc-0020
11000539	fl:natasha_ln:petrov-00161	loc-0075
11000540	fl:amelia_ln:patel-01649	loc-0153
11000540	fl:emma_ln:johnson-01471	loc-0185
11000541	fl:isabella_ln:ivanov-00636	loc-0053
11000541	fl:olivia_ln:patel-00677	loc-0042
11000541	fl:min_ln:sato-00791	loc-0161
11000541	fl:amelia_ln:rossi-01777	loc-0070
11000542	fl:min_ln:wilson-00144	loc-0104
11000542	fl:priya_ln:rodriguez-00174	loc-0097
11000542	fl:liu_ln:park-01284	loc-0021
11000542	fl:hans_ln:müller-01541	loc-0020
11000543	fl:john_ln:li-01321	loc-0011
11000543	fl:santosh_ln:kumar-00597	loc-0019
11000543	fl:hans_ln:kumar-01033	loc-0129
11000543	fl:yuki_ln:ferrari-00914	loc-0097
11000543	fl:greta_ln:dupont-01565	loc-0047
11000544	fl:noah_ln:rodriguez-00851	loc-0050
11000544	fl:amelia_ln:ivanov-01703	loc-0075
11000545	fl:olivia_ln:ahmed-00532	loc-0057
11000546	fl:priya_ln:davis-01096	loc-0037
11000546	fl:liu_ln:brown-00424	loc-0059
11000546	fl:mohammed_ln:martin-00341	loc-0104
11000546	fl:marco_ln:tanaka-00150	loc-0166
11000546	fl:rajesh_ln:patel-00286	loc-0182
11000547	fl:yuki_ln:suzuki-01366	loc-0005
11000548	fl:min_ln:smith-01194	loc-0027
11000549	fl:amelia_ln:taylor-00607	loc-0053
11000550	fl:sofia_ln:khan-00420	loc-0052
11000550	fl:santosh_ln:conti-01415	loc-0038
11000550	fl:greta_ln:sharma-00148	loc-0198
11000550	fl:ivan_ln:rodriguez-00395	loc-0019
11000551	fl:sofia_ln:smith-00825	loc-0032
11000552	fl:min_ln:ahmed-01434	loc-0036
11000552	fl:sakura_ln:schmidt-00592	loc-0124
11000552	fl:wei_ln:hassan-01061	loc-0173
11000553	fl:ivan_ln:park-00493	loc-0066
11000554	fl:amelia_ln:davis-00770	loc-0163
11000555	fl:ivan_ln:schmidt-01781	loc-0137
11000556	fl:ahmed_ln:kim-00337	loc-0126
11000556	fl:seo-yun_ln:conti-00293	loc-0187
11000556	fl:liu_ln:tanaka-01429	loc-0027
11000557	fl:greta_ln:rodriguez-00303	loc-0162
11000557	fl:marco_ln:conti-00403	loc-0024
11000558	fl:sofia_ln:suzuki-00335	loc-0187
11000559	fl:alice_ln:kumar-01467	loc-0166
11000559	fl:amelia_ln:davis-00770	loc-0105
11000559	fl:rajesh_ln:suzuki-00133	loc-0024
11000560	fl:isabella_ln:ivanov-00882	loc-0160
11000560	fl:giulia_ln:martin-01446	loc-0191
11000560	fl:sakura_ln:zhang-01713	loc-0111
11000560	fl:carlos_ln:garcia-00562	loc-0122
11000561	fl:fatima_ln:brown-00608	loc-0141
11000562	fl:greta_ln:rossi-00113	loc-0032
11000562	fl:seo-yun_ln:conti-00293	loc-0113
11000562	fl:camille_ln:johnson-00794	loc-0170
11000563	fl:giulia_ln:martin-01497	loc-0173
11000563	fl:priya_ln:brown-00010	loc-0126
11000564	fl:yuki_ln:müller-01224	loc-0000
11000564	fl:marco_ln:brown-00913	loc-0123
11000565	fl:seo-yun_ln:ivanov-00999	loc-0124
11000565	fl:john_ln:petrov-00087	loc-0001
11000565	fl:yuki_ln:park-00924	loc-0098
11000565	fl:luca_ln:gupta-00453	loc-0044
11000566	fl:liu_ln:patel-01142	loc-0185
11000566	fl:natasha_ln:conti-01316	loc-0104
11000567	fl:liam_ln:kumar-00585	loc-0045
11000567	fl:olivia_ln:kumar-01496	loc-0013
11000568	fl:ahmed_ln:sato-00190	loc-0128
11000568	fl:sakura_ln:gupta-01298	loc-0016
11000568	fl:liu_ln:patel-00244	loc-0008
11000569	fl:pierre_ln:rossi-00255	loc-0160
11000569	fl:min_ln:park-01275	loc-0138
11000569	fl:amelia_ln:conti-01474	loc-0002
11000570	fl:priya_ln:esposito-01488	loc-0125
11000570	fl:hiroshi_ln:martin-01430	loc-0055
11000570	fl:fatima_ln:yamamoto-01186	loc-0085
11000570	fl:anika_ln:müller-00182	loc-0074
11000571	fl:anika_ln:ali-00733	loc-0118
11000572	fl:sofia_ln:khan-00052	loc-0084
11000572	fl:priya_ln:yamamoto-01679	loc-0116
11000572	fl:luca_ln:suzuki-00898	loc-0174
11000572	fl:jin_ln:li-01641	loc-0158
11000573	fl:isabella_ln:dupont-00049	loc-0183
11000573	fl:isabella_ln:esposito-00238	loc-0015
11000573	fl:mohammed_ln:ferrari-00990	loc-0122
11000574	fl:yuki_ln:dupont-01223	loc-0186
11000574	fl:noah_ln:petrov-01460	loc-0098
11000575	fl:sofia_ln:wang-01710	loc-0179
11000576	fl:giulia_ln:suzuki-00730	loc-0067
11000577	fl:ahmed_ln:ferrari-01596	loc-0143
11000577	fl:min_ln:anderson-00117	loc-0101
11000577	fl:fatima_ln:brown-00608	loc-0068
11000578	fl:greta_ln:esposito-00900	loc-0178
11000578	fl:santosh_ln:esposito-00979	loc-0191
11000579	fl:carlos_ln:petrov-01778	loc-0104
11000579	fl:aisha_ln:park-00974	loc-0192
11000580	fl:kenji_ln:tanaka-00751	loc-0134
11000580	fl:sofia_ln:smith-00890	loc-0060
11000580	fl:giulia_ln:rodriguez-00451	loc-0116
11000580	fl:giulia_ln:sato-00017	loc-0066
11000580	fl:giulia_ln:khan-00364	loc-0138
11000581	fl:priya_ln:zhang-00682	loc-0012
11000581	fl:sofia_ln:johnson-00747	loc-0084
11000582	fl:fatima_ln:johnson-00031	loc-0007
11000582	fl:seo-yun_ln:martin-00778	loc-0095
11000583	fl:greta_ln:wilson-00596	loc-0052
11000583	fl:seo-yun_ln:martin-00778	loc-0085
11000584	fl:giulia_ln:brown-01730	loc-0179
11000584	fl:liu_ln:tanaka-00118	loc-0060
11000584	fl:olivia_ln:taylor-00986	loc-0113
11000585	fl:amelia_ln:dupont-00760	loc-0146
11000585	fl:fatima_ln:zhang-01073	loc-0065
11000585	fl:alice_ln:kumar-01467	loc-0132
11000586	fl:noah_ln:patel-00234	loc-0190
11000587	fl:marco_ln:conti-01442	loc-0126
11000587	fl:luca_ln:taylor-00354	loc-0138
11000587	fl:kenji_ln:esposito-01257	loc-0019
11000588	fl:sofia_ln:chen-01074	loc-0150
11000588	fl:alice_ln:zhang-01652	loc-0169
11000589	fl:natasha_ln:sato-00826	loc-0111
11000589	fl:priya_ln:garcia-00718	loc-0094
11000590	fl:camille_ln:sato-00965	loc-0158
11000590	fl:emma_ln:rodriguez-01389	loc-0021
11000590	fl:hans_ln:davis-01047	loc-0087
11000591	fl:fatima_ln:müller-00258	loc-0163
11000591	fl:isabella_ln:brown-01363	loc-0163
11000591	fl:john_ln:wang-00767	loc-0042
11000591	fl:john_ln:tanaka-01313	loc-0121
11000592	fl:ahmed_ln:sharma-00742	loc-0072
11000593	fl:oliver_ln:ahmed-01733	loc-0189
11000594	fl:carlos_ln:sato-00294	loc-0077
11000594	fl:min_ln:sharma-00415	loc-0010
11000594	fl:olivia_ln:ivanov-00849	loc-0185
11000594	fl:giulia_ln:miller-00595	loc-0067
11000595	fl:anika_ln:ivanov-01229	loc-0162
11000595	fl:min_ln:sato-00953	loc-0094
11000595	fl:min_ln:sharma-00097	loc-0046
11000595	fl:natasha_ln:conti-01413	loc-0172
11000595	fl:amelia_ln:miller-01127	loc-0056
11000596	fl:priya_ln:zhang-00786	loc-0186
11000597	fl:oliver_ln:sharma-01798	loc-0143
11000597	fl:natasha_ln:anderson-00183	loc-0028
11000597	fl:jin_ln:schmidt-00326	loc-0174
11000598	fl:pierre_ln:conti-00490	loc-0111
11000599	fl:marco_ln:zhang-01021	loc-0094
11000600	fl:sofia_ln:anderson-01643	loc-0031
11000600	fl:anika_ln:khan-00444	loc-0023
11000600	fl:min_ln:petrov-00357	loc-0165
11000601	fl:rajesh_ln:zhang-01646	loc-0140
11000601	fl:sofia_ln:petrov-01369	loc-0035
11000602	fl:marco_ln:davis-01631	loc-0132
11000603	fl:ahmed_ln:müller-01225	loc-0011
11000603	fl:luca_ln:petrov-01042	loc-0021
11000604	fl:isabella_ln:schmidt-00916	loc-0195
11000604	fl:liu_ln:taylor-01393	loc-0026
11000605	fl:priya_ln:garcia-01323	loc-0100
11000606	fl:sakura_ln:ferrari-01685	loc-0156
11000606	fl:hans_ln:gupta-00455	loc-0029
11000606	fl:liu_ln:kumar-01187	loc-0003
11000607	fl:liu_ln:taylor-01393	loc-0199
11000607	fl:santosh_ln:ahmed-00550	loc-0134
11000607	fl:aisha_ln:schmidt-01376	loc-0041
11000608	fl:chen_ln:park-00149	loc-0121
11000608	fl:hans_ln:ahmed-00022	loc-0122
11000609	fl:anika_ln:müller-00182	loc-0167
11000609	fl:amelia_ln:rossi-01777	loc-0083
11000610	fl:jin_ln:rodriguez-00637	loc-0044
11000610	fl:hans_ln:sato-00111	loc-0082
11000610	fl:alice_ln:davis-00058	loc-0188
11000610	fl:liam_ln:brown-00752	loc-0041
11000611	fl:alice_ln:garcia-00678	loc-0043
11000611	fl:hans_ln:ahmed-00504	loc-0088
11000612	fl:hans_ln:johnson-01211	loc-0029
11000612	fl:min_ln:sato-00953	loc-0107
11000613	fl:isabella_ln:brown-01363	loc-0075
11000614	fl:giulia_ln:rodriguez-01709	loc-0093
11000614	fl:greta_ln:ivanov-00717	loc-0058
11000615	fl:liam_ln:petrov-01306	loc-0136
11000616	fl:liam_ln:kim-00217	loc-0105
11000616	fl:chen_ln:patel-00629	loc-0050
11000617	fl:sakura_ln:taylor-01799	loc-0050
11000618	fl:santosh_ln:suzuki-00389	loc-0036
11000618	fl:mohammed_ln:kim-00107	loc-0014
11000618	fl:wei_ln:wilson-00905	loc-0042
11000618	fl:hiroshi_ln:schmidt-01139	loc-0074
11000619	fl:yuki_ln:tanaka-00188	loc-0000
11000619	fl:emma_ln:brown-00305	loc-0005
11000620	fl:min_ln:schmidt-00347	loc-0143
11000621	fl:santosh_ln:suzuki-00389	loc-0091
11000622	fl:seo-yun_ln:gupta-00171	loc-0049
11000622	fl:john_ln:suzuki-00101	loc-0177
11000622	fl:sakura_ln:rossi-00524	loc-0118
11000623	fl:aisha_ln:patel-01343	loc-0094
11000623	fl:oliver_ln:rossi-00579	loc-0051
11000623	fl:liu_ln:ali-01388	loc-0043
11000624	fl:jin_ln:wang-00433	loc-0016
11000624	fl:santosh_ln:hassan-00397	loc-0018
11000625	fl:kenji_ln:schmidt-00173	loc-0149
11000625	fl:hiroshi_ln:ali-01022	loc-0031
11000625	fl:hans_ln:rossi-01466	loc-0038
11000625	fl:hans_ln:rodriguez-01599	loc-0100
11000626	fl:hiroshi_ln:hassan-00639	loc-0170
11000626	fl:greta_ln:brown-00461	loc-0139
11000627	fl:hiroshi_ln:wilson-00962	loc-0014
11000627	fl:sofia_ln:tanaka-00151	loc-0085
11000628	fl:luca_ln:suzuki-01002	loc-0155
11000628	fl:amelia_ln:petrov-01744	loc-0134
11000628	fl:fatima_ln:brown-00608	loc-0137
11000629	fl:santosh_ln:esposito-00979	loc-0085
11000630	fl:ahmed_ln:martin-00754	loc-0068
11000630	fl:olivia_ln:ahmed-00615	loc-0141
11000631	fl:camille_ln:johnson-01476	loc-0157
11000631	fl:mohammed_ln:johnson-00361	loc-0090
11000631	fl:ivan_ln:rodriguez-00395	loc-0192
11000632	fl:yuki_ln:müller-01224	loc-0011
11000632	fl:santosh_ln:hassan-00397	loc-0155
11000633	fl:john_ln:rossi-01135	loc-0144
11000633	fl:priya_ln:müller-00808	loc-0035
11000633	fl:greta_ln:wang-01553	loc-0164
11000634	fl:olivia_ln:li-00897	loc-0085
11000634	fl:alice_ln:kumar-01467	loc-0084
11000635	fl:pierre_ln:ali-01525	loc-0001
11000636	fl:yuki_ln:müller-01224	loc-0126
11000636	fl:hans_ln:davis-01047	loc-0012
11000636	fl:santosh_ln:khan-00670	loc-0173
11000637	fl:ahmed_ln:ivanov-01199	loc-0161
11000637	fl:mohammed_ln:rossi-01792	loc-0154
11000637	fl:ahmed_ln:petrov-00993	loc-0016
11000637	fl:hans_ln:rodriguez-01599	loc-0100
11000637	fl:camille_ln:kumar-00768	loc-0018
11000638	fl:jin_ln:rodriguez-00637	loc-0040
11000638	fl:ahmed_ln:dupont-01597	loc-0041
11000638	fl:sakura_ln:park-01656	loc-0045
11000638	fl:fatima_ln:brown-00608	loc-0139
11000639	fl:yuki_ln:dupont-00284	loc-0086
11000639	fl:sakura_ln:petrov-00960	loc-0157
11000639	fl:giulia_ln:davis-00525	loc-0070
11000640	fl:seo-yun_ln:tanaka-01621	loc-0023
11000640	fl:fatima_ln:tanaka-00945	loc-0038
11000641	fl:ahmed_ln:esposito-00709	loc-0122
11000641	fl:greta_ln:müller-00605	loc-0199
11000641	fl:john_ln:kim-01544	loc-0015
11000641	fl:hans_ln:ahmed-01263	loc-0119
11000642	fl:wei_ln:müller-01734	loc-0069
11000642	fl:kenji_ln:johnson-01287	loc-0057
11000642	fl:kenji_ln:johnson-01297	loc-0189
11000642	fl:pierre_ln:davis-00529	loc-0028
11000643	fl:camille_ln:anderson-01361	loc-0192
11000643	fl:john_ln:anderson-00110	loc-0073
11000644	fl:luca_ln:sato-00386	loc-0030
11000644	fl:olivia_ln:ivanov-00849	loc-0194
11000645	fl:ivan_ln:garcia-01432	loc-0126
11000645	fl:olivia_ln:sharma-01575	loc-0004
11000646	fl:yuki_ln:rodriguez-01518	loc-0161
11000646	fl:luca_ln:kim-00334	loc-0181
11000647	fl:liu_ln:ali-01388	loc-0041
11000648	fl:emma_ln:yamamoto-01009	loc-0163
11000648	fl:yuki_ln:dupont-01355	loc-0171
11000649	fl:anika_ln:petrov-00853	loc-0160
11000650	fl:natasha_ln:zhang-01624	loc-0035
11000650	fl:emma_ln:ahmed-00075	loc-0192
11000651	fl:isabella_ln:zhang-01354	loc-0044
11000651	fl:olivia_ln:li-00897	loc-0133
11000652	fl:fatima_ln:davis-00380	loc-0084
11000653	fl:anika_ln:park-01156	loc-0032
11000653	fl:mohammed_ln:hassan-01566	loc-0051
11000653	fl:santosh_ln:wang-01758	loc-0065
11000654	fl:santosh_ln:yamamoto-00413	loc-0006
11000655	fl:olivia_ln:kim-00328	loc-0012
11000655	fl:giulia_ln:khan-01470	loc-0133
11000656	fl:olivia_ln:rossi-01039	loc-0091
11000657	fl:liu_ln:li-01011	loc-0140
11000658	fl:olivia_ln:kumar-01496	loc-0123
11000658	fl:ahmed_ln:sharma-00742	loc-0197
11000658	fl:noah_ln:dupont-01753	loc-0050
11000659	fl:aisha_ln:petrov-00746	loc-0143
11000659	fl:rajesh_ln:park-01554	loc-0048
11000660	fl:olivia_ln:patel-00677	loc-0117
11000660	fl:hans_ln:johnson-01211	loc-0093
11000661	fl:min_ln:rodriguez-01548	loc-0043
11000661	fl:mohammed_ln:park-00800	loc-0155
11000662	fl:carlos_ln:zhang-01576	loc-0017
11000662	fl:hans_ln:wang-01202	loc-0191
11000663	fl:greta_ln:rodriguez-00303	loc-0129
11000664	fl:fatima_ln:brown-00830	loc-0037
11000665	fl:pierre_ln:martin-01040	loc-0099
11000666	fl:camille_ln:anderson-01361	loc-0058
11000666	fl:priya_ln:khan-00448	loc-0008
11000667	fl:liu_ln:li-00584	loc-0137
11000668	fl:oliver_ln:ahmed-01108	loc-0061
11000668	fl:hans_ln:esposito-00889	loc-0168
11000669	fl:fatima_ln:petrov-01632	loc-0089
11000669	fl:emma_ln:zhang-00327	loc-0061
11000670	fl:isabella_ln:müller-01280	loc-0125
11000671	fl:chen_ln:patel-00629	loc-0071
11000672	fl:anika_ln:sato-00003	loc-0170
11000673	fl:ahmed_ln:patel-00983	loc-0152
11000673	fl:liu_ln:davis-00703	loc-0030
11000673	fl:sakura_ln:zhang-00053	loc-0038
11000673	fl:hiroshi_ln:esposito-01020	loc-0142
11000674	fl:isabella_ln:schmidt-00777	loc-0048
11000674	fl:john_ln:schmidt-01349	loc-0161
11000675	fl:natasha_ln:zhang-01236	loc-0100
11000675	fl:emma_ln:müller-01136	loc-0197
11000675	fl:alice_ln:gupta-01209	loc-0194
11000675	fl:jin_ln:chen-00044	loc-0064
11000675	fl:mohammed_ln:yamamoto-01623	loc-0054
11000676	fl:oliver_ln:kumar-00098	loc-0160
11000676	fl:wei_ln:müller-01734	loc-0164
11000677	fl:emma_ln:patel-01609	loc-0157
11000678	fl:greta_ln:dupont-00273	loc-0098
11000678	fl:mohammed_ln:müller-01351	loc-0093
11000679	fl:carlos_ln:anderson-00755	loc-0103
11000679	fl:chen_ln:chen-01190	loc-0121
11000680	fl:amelia_ln:martin-00688	loc-0078
11000681	fl:greta_ln:müller-01729	loc-0067
11000682	fl:liu_ln:yamamoto-00994	loc-0004
11000683	fl:liam_ln:brown-00752	loc-0053
11000683	fl:alice_ln:miller-01296	loc-0084
11000683	fl:ahmed_ln:dupont-01597	loc-0141
11000684	fl:hiroshi_ln:sharma-00663	loc-0132
11000684	fl:sofia_ln:johnson-01151	loc-0134
11000685	fl:luca_ln:miller-00439	loc-0143
11000686	fl:olivia_ln:rossi-00358	loc-0114
11000687	fl:fatima_ln:miller-00287	loc-0105
11000688	fl:aisha_ln:park-00619	loc-0158
11000688	fl:ahmed_ln:esposito-00810	loc-0125
11000688	fl:wei_ln:garcia-00295	loc-0014
11000688	fl:olivia_ln:anderson-01012	loc-0112
11000688	fl:wei_ln:gupta-00543	loc-0138
11000689	fl:kenji_ln:wang-00269	loc-0073
11000690	fl:anika_ln:sharma-01157	loc-0186
11000690	fl:emma_ln:anderson-01253	loc-0183
11000691	fl:pierre_ln:yamamoto-00163	loc-0017
11000691	fl:hiroshi_ln:ali-00304	loc-0150
11000692	fl:ahmed_ln:park-00929	loc-0191
11000693	fl:ahmed_ln:park-00124	loc-0091
11000694	fl:camille_ln:davis-00763	loc-0086
11000694	fl:giulia_ln:rodriguez-00451	loc-0135
11000695	fl:liu_ln:patel-00537	loc-0080
11000696	fl:luca_ln:davis-01490	loc-0152
11000696	fl:fatima_ln:davis-00380	loc-0161
11000697	fl:emma_ln:dupont-00127	loc-0087
11000697	fl:priya_ln:smith-00495	loc-0117
11000698	fl:john_ln:suzuki-00419	loc-0086
11000699	fl:ahmed_ln:wilson-01404	loc-0179
11000699	fl:seo-yun_ln:tanaka-01417	loc-0050
11000699	fl:emma_ln:yamamoto-01009	loc-0175
11000699	fl:luca_ln:esposito-01787	loc-0139
11000700	fl:seo-yun_ln:zhang-00985	loc-0107
11000701	fl:sofia_ln:smith-00890	loc-0137
11000701	fl:hans_ln:miller-00872	loc-0151
11000702	fl:fatima_ln:rodriguez-00719	loc-0029
11000702	fl:liu_ln:park-01303	loc-0138
11000702	fl:greta_ln:park-01256	loc-0073
11000703	fl:liu_ln:patel-00537	loc-0191
11000704	fl:mohammed_ln:johnson-00361	loc-0143
11000704	fl:kenji_ln:johnson-01299	loc-0122
11000705	fl:john_ln:anderson-00564	loc-0112
11000705	fl:noah_ln:sato-00620	loc-0023
11000705	fl:olivia_ln:taylor-00986	loc-0152
11000705	fl:sakura_ln:park-01656	loc-0006
11000706	fl:priya_ln:garcia-00892	loc-0175
11000706	fl:hiroshi_ln:suzuki-00226	loc-0105
11000707	fl:liu_ln:taylor-01393	loc-0019
11000707	fl:fatima_ln:hassan-01379	loc-0171
11000707	fl:anika_ln:dupont-00218	loc-0047
11000707	fl:anika_ln:li-00406	loc-0185
11000708	fl:ivan_ln:ivanov-00721	loc-0123
11000709	fl:isabella_ln:johnson-00494	loc-0130
11000709	fl:sofia_ln:miller-01519	loc-0124
11000709	fl:min_ln:hassan-00429	loc-0065
11000710	fl:emma_ln:johnson-01471	loc-0039
11000710	fl:ivan_ln:park-00493	loc-0011
11000711	fl:natasha_ln:kim-01722	loc-0065
11000711	fl:olivia_ln:ferrari-00095	loc-0019
11000711	fl:liu_ln:sharma-00378	loc-0087
11000711	fl:santosh_ln:sharma-00094	loc-0189
11000712	fl:isabella_ln:miller-01037	loc-0170
11000712	fl:wei_ln:suzuki-00132	loc-0199
11000713	fl:min_ln:ferrari-01436	loc-0161
11000713	fl:marco_ln:chen-01500	loc-0097
11000714	fl:hiroshi_ln:johnson-00560	loc-0196
11000715	fl:jin_ln:kim-00088	loc-0134
11000716	fl:amelia_ln:li-01286	loc-0049
11000716	fl:priya_ln:petrov-00138	loc-0179
11000716	fl:sakura_ln:garcia-01174	loc-0087
11000717	fl:luca_ln:garcia-00313	loc-0178
11000717	fl:pierre_ln:ahmed-01515	loc-0074
11000717	fl:amelia_ln:khan-00486	loc-0002
11000717	fl:isabella_ln:schmidt-00224	loc-0029
11000718	fl:noah_ln:dupont-01196	loc-0173
11000719	fl:camille_ln:martin-01346	loc-0114
11000720	fl:liu_ln:taylor-01318	loc-0045
11000720	fl:olivia_ln:li-00278	loc-0132
11000721	fl:min_ln:schmidt-00347	loc-0157
11000722	fl:fatima_ln:müller-00918	loc-0013
11000722	fl:anika_ln:sato-00521	loc-0035
11000723	fl:min_ln:hassan-00429	loc-0038
11000724	fl:priya_ln:li-01176	loc-0177
11000724	fl:luca_ln:park-00867	loc-0040
11000725	fl:min_ln:ali-00571	loc-0148
11000725	fl:priya_ln:brown-00010	loc-0173
11000726	fl:marco_ln:tanaka-00150	loc-0072
11000726	fl:oliver_ln:rossi-00579	loc-0179
11000726	fl:ahmed_ln:gupta-00401	loc-0115
11000727	fl:fatima_ln:davis-00380	loc-0150
11000727	fl:john_ln:gupta-01439	loc-0101
11000727	fl:chen_ln:smith-00027	loc-0196
11000728	fl:seo-yun_ln:johnson-00242	loc-0113
11000729	fl:hans_ln:khan-00829	loc-0099
11000730	fl:yuki_ln:smith-00699	loc-0042
11000730	fl:yuki_ln:wilson-00880	loc-0164
11000731	fl:isabella_ln:zhang-01354	loc-0048
11000731	fl:hiroshi_ln:khan-00570	loc-0164
11000731	fl:mohammed_ln:park-00800	loc-0027
11000732	fl:jin_ln:khan-00090	loc-0129
11000732	fl:priya_ln:brown-00010	loc-0079
11000732	fl:camille_ln:davis-00915	loc-0129
11000732	fl:noah_ln:petrov-01535	loc-0078
11000733	fl:olivia_ln:kumar-00881	loc-0034
11000734	fl:alice_ln:taylor-00399	loc-0144
11000734	fl:seo-yun_ln:johnson-01103	loc-0109
11000734	fl:fatima_ln:smith-00222	loc-0087
11000735	fl:john_ln:li-01321	loc-0070
11000735	fl:liu_ln:park-01303	loc-0087
11000735	fl:rajesh_ln:ivanov-01614	loc-0024
11000736	fl:priya_ln:petrov-01041	loc-0177
11000737	fl:priya_ln:garcia-01323	loc-0073
11000738	fl:santosh_ln:schmidt-00215	loc-0134
11000738	fl:noah_ln:patel-01064	loc-0155
11000738	fl:giulia_ln:ali-01489	loc-0046
11000739	fl:rajesh_ln:wang-00548	loc-0072
11000740	fl:noah_ln:sato-00068	loc-0173
11000740	fl:priya_ln:garcia-00892	loc-0133
11000740	fl:noah_ln:petrov-01535	loc-0138
11000741	fl:natasha_ln:conti-01413	loc-0107
11000741	fl:emma_ln:rodriguez-01389	loc-0146
11000741	fl:hans_ln:suzuki-01003	loc-0094
11000742	fl:liu_ln:taylor-01318	loc-0193
11000742	fl:ahmed_ln:rodriguez-01785	loc-0102
11000743	fl:carlos_ln:hassan-00061	loc-0187
11000743	fl:sakura_ln:zhang-00976	loc-0098
11000743	fl:mohammed_ln:ali-01550	loc-0192
11000743	fl:mohammed_ln:chen-01644	loc-0095
11000743	fl:aisha_ln:schmidt-01376	loc-0163
11000744	fl:anika_ln:conti-00029	loc-0081
11000744	fl:noah_ln:suzuki-00309	loc-0108
11000744	fl:seo-yun_ln:brown-00798	loc-0180
11000744	fl:oliver_ln:li-00421	loc-0072
11000744	fl:giulia_ln:garcia-00891	loc-0125
11000745	fl:john_ln:sharma-00264	loc-0078
11000745	fl:isabella_ln:zhang-01354	loc-0114
11000746	fl:anika_ln:hassan-01132	loc-0166
11000746	fl:mohammed_ln:hassan-00487	loc-0176
11000746	fl:fatima_ln:brown-00608	loc-0159
11000746	fl:jin_ln:gupta-01637	loc-0055
11000746	fl:liu_ln:patel-00537	loc-0079
11000747	fl:john_ln:wilson-01054	loc-0174
11000747	fl:seo-yun_ln:anderson-00696	loc-0045
11000748	fl:carlos_ln:sato-00689	loc-0072
11000748	fl:greta_ln:gupta-01217	loc-0007
11000748	fl:luca_ln:taylor-00661	loc-0099
11000748	fl:priya_ln:davis-01096	loc-0138
11000749	fl:ahmed_ln:rodriguez-01785	loc-0154
11000749	fl:priya_ln:rossi-01036	loc-0111
11000750	fl:olivia_ln:patel-00677	loc-0079
11000750	fl:fatima_ln:hassan-01379	loc-0040
11000751	fl:pierre_ln:sharma-00096	loc-0111
11000752	fl:alice_ln:tanaka-00301	loc-0033
11000753	fl:liam_ln:chen-01427	loc-0158
11000754	fl:noah_ln:chen-01095	loc-0052
11000754	fl:carlos_ln:dupont-00917	loc-0101
11000755	fl:giulia_ln:taylor-00006	loc-0087
11000755	fl:aisha_ln:zhang-01079	loc-0177
11000755	fl:kenji_ln:ferrari-01146	loc-0030
11000755	fl:olivia_ln:ahmed-00615	loc-0019
11000755	fl:min_ln:rodriguez-01548	loc-0167
11000756	fl:wei_ln:rodriguez-01243	loc-0030
11000756	fl:sakura_ln:brown-00398	loc-0086
11000756	fl:noah_ln:dupont-00732	loc-0037
11000757	fl:seo-yun_ln:esposito-01782	loc-0182
11000757	fl:natasha_ln:garcia-00011	loc-0034
11000758	fl:marco_ln:ivanov-00007	loc-0046
11000758	fl:sofia_ln:brown-01123	loc-0063
11000759	fl:liu_ln:davis-01184	loc-0041
11000760	fl:marco_ln:sato-01070	loc-0080
11000760	fl:pierre_ln:wilson-00036	loc-0007
11000760	fl:priya_ln:anderson-01052	loc-0165
11000761	fl:pierre_ln:sharma-00476	loc-0174
11000762	fl:sofia_ln:miller-01519	loc-0072
11000763	fl:mohammed_ln:yamamoto-01623	loc-0042
11000764	fl:ivan_ln:rodriguez-00395	loc-0121
11000765	fl:santosh_ln:esposito-00979	loc-0054
11000765	fl:sakura_ln:zhang-00053	loc-0008
11000765	fl:marco_ln:kumar-01191	loc-0149
11000765	fl:amelia_ln:martin-00688	loc-0161
11000765	fl:pierre_ln:park-00658	loc-0130
11000766	fl:greta_ln:brown-00461	loc-0051
11000766	fl:wei_ln:miller-00679	loc-0008
11000766	fl:oliver_ln:suzuki-01075	loc-0121
11000767	fl:liam_ln:kim-00217	loc-0003
11000767	fl:aisha_ln:gupta-01148	loc-0091
11000767	fl:emma_ln:dupont-00127	loc-0146
11000768	fl:luca_ln:gupta-01578	loc-0013
11000768	fl:noah_ln:wilson-00360	loc-0125
11000768	fl:liu_ln:li-01011	loc-0126
11000768	fl:wei_ln:chen-01192	loc-0027
11000769	fl:luca_ln:petrov-00710	loc-0015
11000770	fl:jin_ln:rodriguez-01116	loc-0024
11000770	fl:mohammed_ln:zhang-01395	loc-0012
11000770	fl:hans_ln:zhang-01115	loc-0070
11000770	fl:hans_ln:müller-01541	loc-0084
11000771	fl:chen_ln:patel-01063	loc-0163
11000772	fl:aisha_ln:rodriguez-01293	loc-0063
11000773	fl:priya_ln:petrov-00488	loc-0179
11000773	fl:priya_ln:tanaka-01322	loc-0199
11000774	fl:noah_ln:dupont-01196	loc-0081
11000774	fl:liam_ln:park-01511	loc-0104
11000775	fl:santosh_ln:ahmed-01740	loc-0018
11000775	fl:anika_ln:conti-00029	loc-0175
11000776	fl:olivia_ln:ferrari-00095	loc-0034
11000776	fl:min_ln:park-00625	loc-0105
11000776	fl:carlos_ln:miller-00843	loc-0142
11000777	fl:pierre_ln:ahmed-00252	loc-0015
11000777	fl:luca_ln:kim-00334	loc-0134
11000778	fl:anika_ln:martin-00970	loc-0190
11000778	fl:ivan_ln:petrov-00200	loc-0090
11000779	fl:john_ln:brown-00009	loc-0196
11000779	fl:hiroshi_ln:park-00538	loc-0117
11000779	fl:isabella_ln:petrov-01230	loc-0191
11000780	fl:pierre_ln:ferrari-00805	loc-0098
11000780	fl:oliver_ln:conti-01325	loc-0004
11000781	fl:min_ln:sharma-00483	loc-0029
11000781	fl:fatima_ln:taylor-01315	loc-0048
11000781	fl:fatima_ln:wilson-01494	loc-0143
11000782	fl:carlos_ln:kumar-01737	loc-0073
11000782	fl:liu_ln:schmidt-00928	loc-0006
11000782	fl:alice_ln:tanaka-01484	loc-0047
11000783	fl:noah_ln:dupont-01753	loc-0154
11000783	fl:sakura_ln:zhang-01713	loc-0133
11000784	fl:ivan_ln:kumar-01212	loc-0120
11000784	fl:hans_ln:kim-01667	loc-0158
11000785	fl:marco_ln:kumar-01328	loc-0106
11000785	fl:pierre_ln:ahmed-00252	loc-0149
11000785	fl:rajesh_ln:ali-01056	loc-0188
11000785	fl:hans_ln:patel-01380	loc-0075
11000786	fl:natasha_ln:gupta-00402	loc-0025
11000786	fl:ahmed_ln:davis-00210	loc-0080
11000786	fl:giulia_ln:müller-01447	loc-0106
11000787	fl:liu_ln:petrov-01119	loc-0167
11000788	fl:rajesh_ln:li-00613	loc-0021
11000789	fl:ahmed_ln:rossi-01126	loc-0014
11000790	fl:oliver_ln:tanaka-00856	loc-0079
11000791	fl:ahmed_ln:sharma-00041	loc-0197
11000791	fl:mohammed_ln:hassan-01487	loc-0192
11000792	fl:oliver_ln:kumar-00046	loc-0003
11000793	fl:oliver_ln:garcia-01674	loc-0198
11000793	fl:rajesh_ln:wilson-01235	loc-0046
11000793	fl:wei_ln:khan-01195	loc-0024
11000794	fl:oliver_ln:davis-01093	loc-0124
11000794	fl:natasha_ln:müller-00216	loc-0036
11000795	fl:alice_ln:rodriguez-01006	loc-0190
11000795	fl:santosh_ln:garcia-01630	loc-0176
11000796	fl:mohammed_ln:davis-00465	loc-0067
11000797	fl:priya_ln:ahmed-01092	loc-0131
11000797	fl:yuki_ln:tanaka-00188	loc-0110
11000797	fl:yuki_ln:garcia-01607	loc-0012
11000797	fl:olivia_ln:ferrari-00095	loc-0148
11000798	fl:seo-yun_ln:patel-01117	loc-0030
11000798	fl:pierre_ln:yamamoto-00163	loc-0109
11000798	fl:giulia_ln:rodriguez-01531	loc-0059
11000799	fl:ivan_ln:park-01738	loc-0045
11000799	fl:pierre_ln:ferrari-00805	loc-0157
11000799	fl:olivia_ln:ferrari-01757	loc-0073
11000799	fl:fatima_ln:tanaka-00945	loc-0059
11000799	fl:fatima_ln:taylor-01315	loc-0019
11000800	fl:seo-yun_ln:dupont-00646	loc-0162
11000800	fl:liam_ln:wang-01193	loc-0000
11000800	fl:jin_ln:ahmed-01612	loc-0109
11000801	fl:mohammed_ln:johnson-01698	loc-0072
11000801	fl:alice_ln:gupta-00040	loc-0056
11000801	fl:priya_ln:wang-00546	loc-0007
11000802	fl:liam_ln:wang-01193	loc-0123
11000802	fl:sakura_ln:hassan-00611	loc-0029
11000802	fl:sakura_ln:rodriguez-01078	loc-0185
11000803	fl:wei_ln:patel-00935	loc-0165
11000803	fl:ahmed_ln:miller-01131	loc-0121
11000803	fl:alice_ln:gupta-00035	loc-0070
11000804	fl:hans_ln:li-00698	loc-0036
11000805	fl:alice_ln:rossi-00333	loc-0156
11000805	fl:john_ln:rossi-01135	loc-0167
11000806	fl:sofia_ln:davis-00516	loc-0185
11000806	fl:min_ln:smith-01178	loc-0162
11000807	fl:kenji_ln:zhang-00687	loc-0199
11000807	fl:chen_ln:patel-01063	loc-0042
11000807	fl:isabella_ln:petrov-01230	loc-0176
11000808	fl:camille_ln:rodriguez-01295	loc-0175
11000809	fl:oliver_ln:tanaka-01267	loc-0067
11000809	fl:olivia_ln:anderson-00923	loc-0074
11000810	fl:hans_ln:sato-01189	loc-0150
11000810	fl:alice_ln:tanaka-01484	loc-0013
11000810	fl:jin_ln:martin-01185	loc-0018
11000811	fl:marco_ln:wilson-00288	loc-0029
11000811	fl:olivia_ln:ivanov-00849	loc-0127
11000812	fl:ahmed_ln:suzuki-01330	loc-0155
11000812	fl:ivan_ln:rodriguez-00513	loc-0118
11000813	fl:pierre_ln:conti-00490	loc-0187
11000814	fl:hiroshi_ln:zhang-01608	loc-0040
11000815	fl:isabella_ln:petrov-00603	loc-0193
11000816	fl:pierre_ln:esposito-01633	loc-0001
11000816	fl:aisha_ln:johnson-01290	loc-0177
11000817	fl:alice_ln:zhang-01652	loc-0063
11000817	fl:fatima_ln:ivanov-01559	loc-0005
11000818	fl:chen_ln:zhang-00497	loc-0038
11000818	fl:isabella_ln:zhang-01354	loc-0149
11000818	fl:olivia_ln:kim-01708	loc-0021
11000819	fl:olivia_ln:chen-01498	loc-0192
11000820	fl:min_ln:suzuki-00350	loc-0177
11000820	fl:liam_ln:park-01511	loc-0095
11000820	fl:santosh_ln:hassan-00397	loc-0148
11000821	fl:chen_ln:chen-01190	loc-0089
11000821	fl:seo-yun_ln:brown-00798	loc-0133
11000822	fl:alice_ln:ferrari-01207	loc-0094
11000822	fl:chen_ln:davis-01776	loc-0099
11000823	fl:oliver_ln:garcia-00356	loc-0196
11000823	fl:min_ln:wang-00089	loc-0190
11000824	fl:carlos_ln:yamamoto-01088	loc-0106
11000825	fl:kenji_ln:anderson-00074	loc-0027
11000825	fl:john_ln:petrov-00087	loc-0063
11000825	fl:carlos_ln:conti-01577	loc-0006
11000826	fl:rajesh_ln:dupont-01279	loc-0158
11000827	fl:jin_ln:kim-00088	loc-0180
11000827	fl:isabella_ln:wilson-00241	loc-0073
11000827	fl:kenji_ln:brown-00475	loc-0176
11000828	fl:giulia_ln:smith-00050	loc-0041
11000828	fl:yuki_ln:wilson-00880	loc-0097
11000828	fl:alice_ln:kumar-00857	loc-0145
11000828	fl:isabella_ln:suzuki-00559	loc-0050
11000828	fl:santosh_ln:rossi-01718	loc-0098
11000829	fl:hiroshi_ln:petrov-01365	loc-0080
11000829	fl:camille_ln:rossi-01317	loc-0037
11000830	fl:camille_ln:hassan-01231	loc-0085
11000830	fl:olivia_ln:taylor-00986	loc-0096
11000830	fl:pierre_ln:martin-01040	loc-0005
11000830	fl:john_ln:sharma-00264	loc-0057
11000831	fl:sakura_ln:anderson-00903	loc-0165
11000832	fl:liu_ln:sharma-01769	loc-0093
11000832	fl:santosh_ln:ahmed-00550	loc-0115
11000832	fl:wei_ln:hassan-01061	loc-0087
11000833	fl:luca_ln:wang-00961	loc-0139
11000834	fl:marco_ln:esposito-01118	loc-0164
11000834	fl:camille_ln:anderson-00792	loc-0125
11000834	fl:hans_ln:li-00698	loc-0000
11000835	fl:giulia_ln:li-00146	loc-0014
11000835	fl:hans_ln:rodriguez-01699	loc-0017
11000836	fl:liu_ln:taylor-01393	loc-0039
11000837	fl:camille_ln:johnson-01476	loc-0051
11000837	fl:oliver_ln:rodriguez-00588	loc-0151
11000838	fl:seo-yun_ln:tanaka-01621	loc-0098
11000838	fl:wei_ln:esposito-00116	loc-0133
11000839	fl:oliver_ln:hassan-00409	loc-0157
11000839	fl:giulia_ln:khan-00265	loc-0181
11000839	fl:greta_ln:kim-01670	loc-0188
11000840	fl:olivia_ln:brown-00766	loc-0111
11000841	fl:liam_ln:zhang-00832	loc-0144
11000841	fl:yuki_ln:rodriguez-01761	loc-0154
11000841	fl:jin_ln:kim-00088	loc-0147
11000842	fl:mohammed_ln:anderson-00711	loc-0021
11000842	fl:kenji_ln:johnson-01287	loc-0026
11000842	fl:ivan_ln:petrov-01581	loc-0179
11000843	fl:hiroshi_ln:gupta-00787	loc-0131
11000843	fl:natasha_ln:petrov-00161	loc-0174
11000843	fl:natasha_ln:patel-00720	loc-0141
11000843	fl:john_ln:zhang-00964	loc-0197
11000844	fl:liam_ln:kim-01082	loc-0069
11000844	fl:min_ln:anderson-01549	loc-0008
11000845	fl:sakura_ln:smith-01567	loc-0123
11000845	fl:isabella_ln:kumar-00533	loc-0143
11000846	fl:fatima_ln:garcia-01741	loc-0018
11000846	fl:mohammed_ln:kim-00107	loc-0188
11000847	fl:yuki_ln:dupont-01223	loc-0064
11000848	fl:luca_ln:park-00344	loc-0092
11000848	fl:noah_ln:miller-00379	loc-0027
11000849	fl:noah_ln:dupont-00835	loc-0134
11000849	fl:yuki_ln:ahmed-00819	loc-0154
11000849	fl:noah_ln:garcia-00481	loc-0049
11000850	fl:marco_ln:zhang-01021	loc-0196
11000850	fl:seo-yun_ln:davis-00547	loc-0089
11000851	fl:amelia_ln:miller-00499	loc-0037
11000851	fl:mohammed_ln:park-00614	loc-0178
11000851	fl:fatima_ln:garcia-01741	loc-0006
11000851	fl:rajesh_ln:esposito-00828	loc-0086
11000852	fl:giulia_ln:smith-00050	loc-0044
11000853	fl:marco_ln:sharma-01635	loc-0054
11000854	fl:camille_ln:miller-01440	loc-0113
11000854	fl:sofia_ln:smith-00825	loc-0047
11000854	fl:greta_ln:brown-00461	loc-0077
11000855	fl:natasha_ln:zhang-01236	loc-0143
11000855	fl:liam_ln:gupta-01516	loc-0066
11000856	fl:mohammed_ln:anderson-00711	loc-0190
11000857	fl:chen_ln:chen-01190	loc-0004
11000858	fl:sakura_ln:brown-01364	loc-0117
11000858	fl:liu_ln:kumar-01187	loc-0147
11000858	fl:anika_ln:yamamoto-00230	loc-0059
11000859	fl:mohammed_ln:müller-01456	loc-0095
11000860	fl:liam_ln:rodriguez-00435	loc-0079
11000860	fl:natasha_ln:taylor-00280	loc-0032
11000860	fl:wei_ln:dupont-00998	loc-0013
11000861	fl:giulia_ln:brown-01730	loc-0069
11000861	fl:olivia_ln:rossi-00358	loc-0170
11000862	fl:anika_ln:smith-01221	loc-0015
11000862	fl:amelia_ln:petrov-01744	loc-0113
11000862	fl:camille_ln:hassan-01724	loc-0088
11000862	fl:giulia_ln:khan-00364	loc-0084
11000862	fl:liu_ln:schmidt-00928	loc-0160
11000863	fl:emma_ln:garcia-00796	loc-0004
11000863	fl:olivia_ln:li-00278	loc-0001
11000864	fl:aisha_ln:ali-01282	loc-0113
11000864	fl:ivan_ln:anderson-00735	loc-0134
11000864	fl:sakura_ln:taylor-01799	loc-0069
11000865	fl:liu_ln:davis-00385	loc-0066
11000865	fl:marco_ln:johnson-01222	loc-0028
11000866	fl:min_ln:suzuki-00350	loc-0060
11000867	fl:natasha_ln:müller-00216	loc-0009
11000867	fl:greta_ln:müller-00605	loc-0080
11000867	fl:carlos_ln:conti-01577	loc-0018
11000867	fl:sakura_ln:taylor-01341	loc-0160
11000868	fl:carlos_ln:hassan-00061	loc-0071
11000868	fl:santosh_ln:martin-01150	loc-0084
11000869	fl:sofia_ln:dupont-01501	loc-0149
11000870	fl:john_ln:tanaka-01313	loc-0051
11000870	fl:noah_ln:hassan-01613	loc-0168
11000871	fl:noah_ln:petrov-01690	loc-0182
11000871	fl:noah_ln:sharma-01759	loc-0146
11000872	fl:hans_ln:kim-01605	loc-0170
11000872	fl:isabella_ln:dupont-00049	loc-0138
11000872	fl:liam_ln:petrov-01626	loc-0055
11000873	fl:aisha_ln:kim-00576	loc-0018
11000873	fl:olivia_ln:ferrari-00095	loc-0064
11000874	fl:olivia_ln:ahmed-00615	loc-0064
11000874	fl:liu_ln:patel-01142	loc-0099
11000874	fl:john_ln:rossi-01135	loc-0070
11000874	fl:pierre_ln:rodriguez-01750	loc-0095
11000875	fl:amelia_ln:ahmed-00197	loc-0001
11000875	fl:kenji_ln:smith-00650	loc-0058
11000875	fl:amelia_ln:ali-00275	loc-0138
11000875	fl:ivan_ln:anderson-00735	loc-0150
11000875	fl:yuki_ln:rodriguez-01761	loc-0147
11000876	fl:luca_ln:johnson-00020	loc-0148
11000877	fl:santosh_ln:garcia-01630	loc-0021
11000877	fl:fatima_ln:anderson-00091	loc-0164
11000878	fl:seo-yun_ln:kim-00204	loc-0035
11000879	fl:fatima_ln:taylor-00249	loc-0160
11000880	fl:hiroshi_ln:hassan-00947	loc-0017
11000880	fl:rajesh_ln:zhang-00674	loc-0103
11000880	fl:anika_ln:li-01563	loc-0163
11000881	fl:liu_ln:suzuki-00831	loc-0132
11000881	fl:sakura_ln:gupta-01298	loc-0075
11000881	fl:camille_ln:khan-00672	loc-0050
11000882	fl:camille_ln:wilson-00938	loc-0148
11000883	fl:kenji_ln:park-01216	loc-0071
11000883	fl:carlos_ln:tanaka-01345	loc-0056
11000884	fl:alice_ln:dupont-01537	loc-0066
11000884	fl:ahmed_ln:gupta-00401	loc-0191
11000884	fl:aisha_ln:sato-01561	loc-0123
11000884	fl:fatima_ln:rossi-00008	loc-0070
11000884	fl:anika_ln:ferrari-00209	loc-0157
11000885	fl:liam_ln:esposito-00047	loc-0095
11000886	fl:marco_ln:sharma-01635	loc-0130
11000886	fl:noah_ln:martin-00939	loc-0001
11000886	fl:noah_ln:patel-01064	loc-0057
11000887	fl:sakura_ln:taylor-01799	loc-0100
11000887	fl:mohammed_ln:khan-01347	loc-0040
11000887	fl:seo-yun_ln:tanaka-01417	loc-0188
11000888	fl:chen_ln:kumar-00847	loc-0199
11000889	fl:luca_ln:wang-00394	loc-0005
11000889	fl:wei_ln:conti-01558	loc-0068
11000889	fl:luca_ln:hassan-01572	loc-0068
11000889	fl:yuki_ln:ferrari-01066	loc-0003
11000889	fl:liu_ln:wang-01664	loc-0053
11000890	fl:hiroshi_ln:khan-01469	loc-0055
11000890	fl:pierre_ln:ahmed-01515	loc-0142
11000891	fl:min_ln:wang-00089	loc-0113
11000891	fl:camille_ln:petrov-00779	loc-0008
11000892	fl:seo-yun_ln:brown-00798	loc-0099
11000893	fl:oliver_ln:esposito-00246	loc-0101
11000893	fl:seo-yun_ln:li-01167	loc-0005
11000893	fl:mohammed_ln:davis-01406	loc-0068
11000893	fl:alice_ln:garcia-00678	loc-0057
11000894	fl:pierre_ln:yamamoto-00163	loc-0111
11000894	fl:camille_ln:johnson-00505	loc-0172
11000895	fl:hiroshi_ln:sharma-00663	loc-0112
11000896	fl:oliver_ln:rodriguez-01059	loc-0072
11000897	fl:olivia_ln:zhang-00369	loc-0156
11000897	fl:priya_ln:johnson-00996	loc-0054
11000898	fl:john_ln:chen-00165	loc-0034
11000898	fl:greta_ln:ali-00039	loc-0180
11000899	fl:pierre_ln:sharma-00229	loc-0084
11000899	fl:giulia_ln:sato-00017	loc-0087
11000900	fl:chen_ln:wilson-01775	loc-0027
11000900	fl:carlos_ln:garcia-00562	loc-0056
11000900	fl:ivan_ln:kim-01239	loc-0186
11000900	fl:natasha_ln:gupta-00320	loc-0067
11000900	fl:priya_ln:schmidt-01441	loc-0194
11000901	fl:ivan_ln:wilson-01736	loc-0177
11000901	fl:hans_ln:johnson-01795	loc-0135
11000902	fl:ahmed_ln:wang-01509	loc-0148
11000903	fl:hans_ln:sato-01189	loc-0134
11000903	fl:mohammed_ln:chen-01644	loc-0128
11000904	fl:rajesh_ln:hassan-01655	loc-0118
11000905	fl:olivia_ln:brown-00081	loc-0172
11000906	fl:mohammed_ln:smith-00108	loc-0097
11000906	fl:hans_ln:zhang-01115	loc-0007
11000906	fl:liu_ln:martin-01568	loc-0191
11000907	fl:santosh_ln:garcia-01630	loc-0127
11000908	fl:john_ln:garcia-01094	loc-0169
11000909	fl:camille_ln:gupta-00666	loc-0069
11000909	fl:sofia_ln:anderson-01643	loc-0140
11000910	fl:sofia_ln:tanaka-00609	loc-0161
11000910	fl:amelia_ln:brown-00675	loc-0032
11000910	fl:rajesh_ln:esposito-00828	loc-0067
11000910	fl:aisha_ln:rodriguez-00508	loc-0159
11000910	fl:oliver_ln:sharma-01798	loc-0175
11000911	fl:kenji_ln:chen-00024	loc-0198
11000912	fl:isabella_ln:wilson-01755	loc-0154
11000913	fl:mohammed_ln:davis-01106	loc-0140
11000913	fl:ivan_ln:ivanov-00721	loc-0056
11000913	fl:aisha_ln:sato-01561	loc-0089
11000913	fl:ahmed_ln:patel-00983	loc-0133
11000914	fl:chen_ln:patel-01063	loc-0139
11000914	fl:giulia_ln:martin-01305	loc-0148
11000914	fl:priya_ln:dupont-00908	loc-0145
11000915	fl:isabella_ln:suzuki-01010	loc-0164
11000915	fl:oliver_ln:zhang-01333	loc-0072
11000915	fl:santosh_ln:conti-00542	loc-0015
11000916	fl:jin_ln:taylor-01742	loc-0107
11000916	fl:hiroshi_ln:ali-00304	loc-0003
11000917	fl:liam_ln:park-01511	loc-0133
11000918	fl:john_ln:wang-00767	loc-0046
11000918	fl:john_ln:gupta-01439	loc-0193
11000918	fl:anika_ln:sato-00003	loc-0170
11000918	fl:kenji_ln:zhang-00425	loc-0031
11000919	fl:jin_ln:martin-01772	loc-0018
11000919	fl:priya_ln:wilson-00772	loc-0024
11000919	fl:noah_ln:dupont-00835	loc-0139
11000920	fl:santosh_ln:conti-00978	loc-0045
11000921	fl:ivan_ln:khan-00179	loc-0199
11000922	fl:olivia_ln:ahmed-00615	loc-0102
11000922	fl:luca_ln:taylor-01403	loc-0156
11000923	fl:ahmed_ln:tanaka-00072	loc-0079
11000923	fl:rajesh_ln:patel-00286	loc-0026
11000924	fl:santosh_ln:petrov-00157	loc-0135
11000924	fl:luca_ln:kim-00334	loc-0166
11000925	fl:oliver_ln:ahmed-01733	loc-0183
11000925	fl:santosh_ln:sato-01072	loc-0024
11000925	fl:marco_ln:müller-00489	loc-0187
11000925	fl:oliver_ln:martin-01291	loc-0167
11000925	fl:luca_ln:schmidt-00140	loc-0185
11000926	fl:liam_ln:esposito-00824	loc-0166
11000926	fl:ahmed_ln:yamamoto-00862	loc-0161
11000927	fl:yuki_ln:tanaka-00501	loc-0003
11000928	fl:mohammed_ln:hassan-01566	loc-0143
11000928	fl:giulia_ln:smith-00050	loc-0017
11000929	fl:camille_ln:rodriguez-01141	loc-0187
11000929	fl:kenji_ln:johnson-00498	loc-0135
11000930	fl:priya_ln:tanaka-01322	loc-0051
11000930	fl:pierre_ln:suzuki-01779	loc-0018
11000930	fl:noah_ln:garcia-00481	loc-0153
11000930	fl:priya_ln:garcia-00892	loc-0074
11000930	fl:amelia_ln:ahmed-01587	loc-0163
11000931	fl:min_ln:esposito-00984	loc-0182
11000931	fl:olivia_ln:müller-01604	loc-0073
11000932	fl:carlos_ln:ali-00992	loc-0173
11000932	fl:ahmed_ln:sato-00190	loc-0072
11000932	fl:olivia_ln:martin-01628	loc-0097
11000932	fl:greta_ln:tanaka-00474	loc-0082
11000933	fl:amelia_ln:taylor-00607	loc-0051
11000933	fl:seo-yun_ln:anderson-00184	loc-0196
11000933	fl:rajesh_ln:brown-00618	loc-0136
11000934	fl:isabella_ln:smith-01112	loc-0197
11000935	fl:ivan_ln:rodriguez-00395	loc-0106
11000936	fl:john_ln:taylor-00921	loc-0179
11000937	fl:chen_ln:park-00149	loc-0000
11000937	fl:anika_ln:esposito-01362	loc-0021
11000938	fl:hans_ln:kumar-01033	loc-0005
11000938	fl:olivia_ln:dupont-01327	loc-0042
11000938	fl:isabella_ln:johnson-00839	loc-0177
11000938	fl:giulia_ln:ferrari-01262	loc-0168
11000939	fl:min_ln:ahmed-01434	loc-0070
11000939	fl:min_ln:rodriguez-01548	loc-0004
11000939	fl:chen_ln:li-00956	loc-0100
11000940	fl:alice_ln:yamamoto-01265	loc-0195
11000940	fl:kenji_ln:johnson-01179	loc-0122
11000941	fl:priya_ln:ahmed-00430	loc-0116
11000941	fl:chen_ln:sato-01383	loc-0178
11000941	fl:giulia_ln:ivanov-00869	loc-0131
11000942	fl:hans_ln:tanaka-00060	loc-0078
11000943	fl:mohammed_ln:ali-01550	loc-0122
11000943	fl:sofia_ln:tanaka-00609	loc-0159
11000943	fl:john_ln:ferrari-00082	loc-0009
11000943	fl:liu_ln:tanaka-01429	loc-0157
11000944	fl:ivan_ln:hassan-00705	loc-0129
11000944	fl:giulia_ln:müller-00762	loc-0078
11000945	fl:sakura_ln:petrov-00671	loc-0178
11000946	fl:kenji_ln:schmidt-00173	loc-0041
11000947	fl:noah_ln:schmidt-01110	loc-0112
11000947	fl:sofia_ln:garcia-00758	loc-0087
11000948	fl:seo-yun_ln:park-01728	loc-0199
11000948	fl:ahmed_ln:rodriguez-01622	loc-0014
11000948	fl:sakura_ln:davis-00673	loc-0174
11000949	fl:hans_ln:rossi-01588	loc-0119
11000949	fl:noah_ln:chen-01700	loc-0100
11000950	fl:greta_ln:martin-01468	loc-0035
11000951	fl:greta_ln:rossi-00113	loc-0176
11000951	fl:noah_ln:anderson-00743	loc-0087
11000952	fl:camille_ln:hassan-00966	loc-0004
11000953	fl:camille_ln:wang-00861	loc-0126
11000954	fl:luca_ln:suzuki-01602	loc-0084
11000955	fl:liu_ln:li-00584	loc-0062
11000956	fl:sakura_ln:brown-00472	loc-0149
11000956	fl:oliver_ln:hassan-00409	loc-0107
11000957	fl:marco_ln:chen-01500	loc-0108
11000958	fl:min_ln:rodriguez-01433	loc-0162
11000958	fl:luca_ln:hassan-00319	loc-0044
11000958	fl:wei_ln:patel-00528	loc-0018
11000958	fl:min_ln:sato-00791	loc-0052
11000959	fl:sofia_ln:johnson-01151	loc-0088
11000959	fl:sofia_ln:miller-01519	loc-0059
11000960	fl:sofia_ln:hassan-01175	loc-0158
11000960	fl:hiroshi_ln:li-00362	loc-0002
11000961	fl:priya_ln:johnson-00080	loc-0011
11000961	fl:alice_ln:brown-00645	loc-0060
11000961	fl:fatima_ln:rossi-00008	loc-0095
11000961	fl:emma_ln:miller-00228	loc-0084
11000962	fl:min_ln:johnson-00355	loc-0187
11000963	fl:priya_ln:sato-01198	loc-0013
11000963	fl:mohammed_ln:brown-01606	loc-0051
11000963	fl:seo-yun_ln:gupta-00797	loc-0008
11000963	fl:natasha_ln:kim-01722	loc-0153
11000964	fl:emma_ln:ahmed-00075	loc-0129
11000965	fl:giulia_ln:müller-00762	loc-0045
11000966	fl:natasha_ln:müller-00216	loc-0126
11000967	fl:camille_ln:rossi-00038	loc-0097
11000967	fl:rajesh_ln:hassan-01655	loc-0146
11000968	fl:john_ln:anderson-00564	loc-0097
11000968	fl:luca_ln:hassan-00365	loc-0055
11000968	fl:amelia_ln:khan-00486	loc-0187
11000969	fl:oliver_ln:hassan-00409	loc-0161
11000969	fl:olivia_ln:hassan-00691	loc-0139
11000970	fl:kenji_ln:davis-00162	loc-0000
11000970	fl:kenji_ln:johnson-01179	loc-0115
11000971	fl:pierre_ln:rossi-01445	loc-0136
11000971	fl:john_ln:kumar-00214	loc-0011
11000971	fl:liam_ln:zhang-01218	loc-0128
11000971	fl:fatima_ln:brown-00830	loc-0191
11000972	fl:ivan_ln:khan-00349	loc-0150
11000972	fl:olivia_ln:schmidt-01261	loc-0072
11000973	fl:aisha_ln:ali-01282	loc-0150
11000973	fl:kenji_ln:li-01396	loc-0181
11000974	fl:amelia_ln:li-01286	loc-0027
11000974	fl:olivia_ln:anderson-01723	loc-0015
11000975	fl:marco_ln:tanaka-00150	loc-0167
11000975	fl:isabella_ln:conti-01749	loc-0097
11000975	fl:greta_ln:yamamoto-01683	loc-0148
11000975	fl:ahmed_ln:rossi-01126	loc-0066
11000975	fl:mohammed_ln:rodriguez-01247	loc-0103
11000976	fl:liam_ln:hassan-00186	loc-0070
11000977	fl:amelia_ln:ahmed-01587	loc-0102
11000977	fl:sofia_ln:esposito-01619	loc-0102
11000977	fl:priya_ln:davis-01096	loc-0065
11000978	fl:oliver_ln:ahmed-01629	loc-0006
11000978	fl:min_ln:tanaka-00728	loc-0161
11000978	fl:anika_ln:miller-00201	loc-0084
11000978	fl:kenji_ln:ivanov-00665	loc-0198
11000979	fl:kenji_ln:smith-01402	loc-0002
11000979	fl:hans_ln:martin-01477	loc-0072
11000980	fl:olivia_ln:li-00668	loc-0069
11000981	fl:santosh_ln:anderson-01336	loc-0096
11000981	fl:fatima_ln:davis-00380	loc-0134
11000981	fl:priya_ln:sharma-01675	loc-0176
11000981	fl:sofia_ln:park-00980	loc-0176
11000981	fl:emma_ln:sharma-00952	loc-0187
11000982	fl:liam_ln:gupta-01516	loc-0166
11000982	fl:kenji_ln:johnson-01287	loc-0113
11000982	fl:hiroshi_ln:khan-01469	loc-0148
11000982	fl:natasha_ln:yamamoto-01277	loc-0128
11000983	fl:hans_ln:hassan-00147	loc-0176
11000983	fl:natasha_ln:kumar-01053	loc-0043
11000984	fl:natasha_ln:taylor-00280	loc-0002
11000984	fl:min_ln:sharma-00483	loc-0095
11000985	fl:seo-yun_ln:johnson-00242	loc-0167
11000985	fl:anika_ln:hassan-01132	loc-0039
11000985	fl:isabella_ln:wilson-00296	loc-0079
11000986	fl:liam_ln:esposito-00824	loc-0124
11000986	fl:chen_ln:yamamoto-01138	loc-0038
11000987	fl:aisha_ln:suzuki-01068	loc-0061
11000987	fl:ivan_ln:ahmed-01168	loc-0065
11000987	fl:yuki_ln:kumar-01543	loc-0121
11000987	fl:liam_ln:kim-01082	loc-0099
11000987	fl:wei_ln:garcia-01673	loc-0006
11000988	fl:aisha_ln:anderson-01438	loc-0011
11000988	fl:santosh_ln:zhang-00196	loc-0134
11000988	fl:natasha_ln:yamamoto-00845	loc-0110
11000989	fl:hans_ln:patel-01380	loc-0117
11000989	fl:anika_ln:sharma-01157	loc-0010
11000990	fl:natasha_ln:sato-00826	loc-0117
11000990	fl:santosh_ln:patel-00723	loc-0128
11000991	fl:amelia_ln:li-01286	loc-0192
11000992	fl:marco_ln:chen-01500	loc-0175
11000992	fl:luca_ln:suzuki-00898	loc-0194
11000992	fl:min_ln:dupont-01756	loc-0128
11000992	fl:ahmed_ln:smith-01153	loc-0109
11000992	fl:luca_ln:park-00491	loc-0171
11000993	fl:olivia_ln:kim-01708	loc-0127
11000994	fl:rajesh_ln:hassan-01655	loc-0013
11000994	fl:ahmed_ln:wilson-01404	loc-0089
11000995	fl:noah_ln:wilson-00360	loc-0166
11000995	fl:yuki_ln:rodriguez-01761	loc-0091
11000996	fl:wei_ln:brown-00243	loc-0195
11000996	fl:emma_ln:garcia-00247	loc-0105
11000996	fl:oliver_ln:rodriguez-01059	loc-0195
11000997	fl:rajesh_ln:sato-01394	loc-0135
11000997	fl:natasha_ln:li-00712	loc-0085
11000997	fl:rajesh_ln:johnson-00336	loc-0094
11000998	fl:amelia_ln:davis-00770	loc-0135
11000999	fl:hiroshi_ln:ali-00304	loc-0199
11000999	fl:natasha_ln:sato-01783	loc-0184
